term,slug,canonical,reading,meaning,senses,register,keigo,freq,jlpt,family,candidate_prereqs,fold_into_parent,confidence,review_reason,src_risk,src_volumes,src_glosses
(t) tatte ',tatte,たって,たって,"even if ~ (colloquial concessive, = 〜ても)",,casual-spoken,none,common,N3,conditional,te-mo|te-form,,med,colloquial 〜たって/〜ったって (=ても); OCR '(t)' marks the small-tsu variant,collision,A,""" even if """
(t) tatte²,tatte-2,たって,たって,even if one tries to ~ (colloquial concessive of attempted action),,casual-spoken,none,common,N2,conditional,te-mo|volitional-form,,med,homograph² of 〜たって ('even if one tries to'); verify split vs entry 1 (p594 vs p597),collision,A,""" even if s.o. tries to """
> hito/ichi to shite nai,to-shite-nai,〜として〜ない,としてない,not even one ~ (counter + として + negative),,written-modern|polite-spoken,none,uncommon,N2,adverbial,to-shite|nai-form|counter,,med,OCR-garbled '> hito/ichi to shite nai'; reconstructed 一(つ)として〜ない 'not a single' — verify | recheck: JLPT N2 として〜ない confirms 'not even one',garble,A,[ Counter ]
>> ni koshita koto wa nai,ni-koshita-koto-wa-nai,〜に越したことはない,にこしたことはない,there's nothing better than ~; it's best to ~,,casual-spoken|polite-spoken|written-modern,none,common,N2,modality,koto|ta-form,,med,OCR leading '>>' stripped; standard 〜に越したことはない,garble,A,
>> yori/no hoka (ni) (wa)~nai,yori-hoka-nai,〜より(の)ほか(は)ない,よりほかない,there is no choice but to ~; nothing but ~,,written-modern|polite-spoken,none,uncommon,N2,modality,yori|nai-form,,med,OCR '>>' stripped; 〜よりほかない/のほかはない 'no choice but',garble,A,
O,o-unresolved,,,ambiguous — bare 'O' from vol B; likely particle を or honorific お,,casual-spoken|polite-spoken|written-modern,none,essential,N5,particle,,o,low,"garble: lone 'O' (short_term), no gloss — ambiguous を vs honorific お; slug parked as 'o-unresolved' until source-page check | recheck: NO external match — OCR fragment of を/お; drop candidate",garble,B,
ageru ',ageru,あげる,あげる,"to give (something to someone), from the giver's viewpoint",,casual-spoken|polite-spoken|written-modern,none,essential,N5,other,,,high,,collision,B,""" s.o. gives s.t. to s.o . """
ageru²,ageru-2,〜てあげる,てあげる,to do something for someone (benefactive auxiliary),,casual-spoken|polite-spoken|written-modern,none,essential,N4,auxiliary,ageru|te-form,,high,,collision,B,""" s.o. gives s.o. a favor by doing s.t . """
aru,aru,ある,ある,to exist; to have (for inanimate things),,casual-spoken|polite-spoken|written-modern,none,essential,N5,other,,,high,,collision,B,""" exist """
amari,amari,あまり〜ない,あまり,not very ~; not much ~ (paired with a negative),,casual-spoken|polite-spoken|written-modern,none,common,N5,adverbial,nai-form,,med,split from multi-sense 'amari' (degree+negative sense),collision,B|I,""" because of too much "" ;; "" s.t. is not great """
amari,amari-2,あまり(に)〜 / あまりの〜に,あまり,so much/so ~ that; because of too much ~,,casual-spoken|polite-spoken|written-modern,none,uncommon,N3,adverbial,,,med,split from multi-sense 'amari' (excess/cause sense),collision,B|I,""" because of too much "" ;; "" s.t. is not great """
bakari de (wa) naku~(mo),bakari-de-wa-naku,〜ばかりで(は)なく(も),ばかりでなく,not only ~ (but also),,polite-spoken|written-modern,none,common,N3,connective,bakari|nai-form,,med,additive 〜ばかりでなく; homograph pair with '~2 ...' variant — verify sense split,collision,B|I,<~bakari ka 2 (sae)> ;; <~dake de (wa) naku~(mo)>
chushin ni>> o chushin ni,o-chushin-ni,〜を中心に(して),をちゅうしんに,centering on ~; with ~ as the focus,,polite-spoken|written-modern,none,uncommon,N2,connective,o,,med,OCR fused 'chushin ni>> o chushin ni'; standard 〜を中心に,garble,,
dake de (wa) naku (mo),dake-de-wa-naku,〜だけで(は)なく(も),だけでなく,not only ~ (but also),,casual-spoken|polite-spoken|written-modern,none,common,N3,connective,dake|nai-form,,med,additive 〜だけでなく; homograph pair with '~2' variant — verify sense split,collision,I,<ue (ni)>
datte,datte,だって,だって,because; but (casual sentence-initial reason or objection),,casual-spoken,none,common,N3,connective,,,med,split from multi-sense 'datte' (reason/objection sense); cf 〜たって,collision,A|B,""" because "" ;; "" too ; even "" ;; <-tatte>"
datte,datte-2,だって,だって,"even ~; ~ too (casual, ≈ でも/も)",,casual-spoken,none,common,N3,particle,,,med,split from multi-sense 'datte' (even/too sense),collision,A|B,""" because "" ;; "" too ; even "" ;; <-tatte>"
de,de,で,で,"particle で: means/instrument, place of action, time/limit, cause","[{""label"": ""means-instrument"", ""canonical"": ""〜で"", ""meaning"": ""by means of; with (instrument/method)""}, {""label"": ""time-limit-amount"", ""canonical"": ""〜で"", ""meaning"": ""at/in/within (time, amount, or scope)""}, {""label"": ""cause"", ""canonical"": ""〜で"", ""meaning"": ""because of; due to""}]",casual-spoken|polite-spoken|written-modern,none,essential,N5,particle,,,med,particle で — multiple uses kept in one node; location-of-action handled by de',collision;missing_only,A|B,<ni oite/okeru> ;; <ni shite '> ;; <ni yotte/yori> ;; <te> ;; [ instrument ] ;; [ time ]
e,e,へ,え,particle へ marking direction/goal of movement (toward),,casual-spoken|polite-spoken|written-modern,none,essential,N5,particle,,,high,lone 'e' (short_term) but [direction] gloss pins particle へ,garble,B,[ direction ]
ga ',ga-2,が,が,particle が marking the grammatical subject,,casual-spoken|polite-spoken|written-modern,none,essential,N5,particle,,,high,,collision,B,[ subject marker ]
ga²,ga-3,が,が,conjunctive が meaning 'but' (contrast between two clauses),,casual-spoken|polite-spoken|written-modern,none,essential,N4,connective,,,med,contrastive 'but' が; overlaps the advanced connective が (ga),collision,B,""" but """
hikikae>> ni hikikae,ni-hikikae,〜にひきかえ,にひきかえ,in contrast to ~; unlike ~,,polite-spoken|written-modern,none,uncommon,N1,connective,ni,,med,OCR fused 'hikikae>> ni hikikae'; standard 〜にひきかえ,garble,,
ie domo> to ie domo,to-ie-domo,〜と言えども,といえども,even though ~; although ~ (formal/literary),,written-modern|literary,none,uncommon,N1,conditional,*to-quotative,,med,OCR fused 'ie domo> to ie domo'; literary concessive 〜と言えども,garble,I,
iku,iku,〜ていく,ていく,(aspect) to go on doing; do and move away / forward in time,,casual-spoken|polite-spoken|written-modern,none,common,N4,aspect,te-form,,med,dropped lexical 'go' sense; kept aspectual 〜ていく,collision,A|B,""" go "" ;; "" go on -ing """
ikura ima ni natte te mo <~te mo> 603 138,ikura-temo,いくら〜ても,いくら〜ても,no matter how (much) ~; however ~ (concessive),,casual-spoken|polite-spoken|written-modern,none,common,N3,conditional,te-mo,,med,OCR-merged two entries (いくら〜ても + 今になって/今さら〜ても); kept いくら〜ても — second pattern needs its own node | recheck: JLPT N3 いくら〜ても confirms,garble,A,<imasara~te mo>
jibun,jibun,自分,じぶん,self; reflexive pronoun referring back to the subject,,casual-spoken|polite-spoken|written-modern,none,common,N3,other,,,med,[contrast marker] gloss looks mis-OCR'd; treated as reflexive 自分,collision,B,[ contrast marker ]
jibun ',jibun-2,自分,じぶん,自分 used as a personal 'I/me' (empathetic/colloquial first person),,casual-spoken,none,uncommon,N2,other,,,low,[empathy marker]; 自分 as first-person pronoun | recheck: no external grammar listing (自分=pronoun/lexical); borderline per CALIBRATION §2,collision,B,[ empathy marker ]
kagiri,kagiri,〜限り(は),かぎり,as long as ~; to the extent that ~; while ~,,casual-spoken|polite-spoken|written-modern,none,common,N2,conditional,,,med,split from multi-sense 'kagiri' (extent / 'as long as' sense),collision,I,""" as long as "" ;; "" only until ; limited """
kagiri,kagiri-2,〜限り / 〜を限りに,かぎり,only; limited to; the utmost/last ~,,polite-spoken|written-modern,none,uncommon,N2,adverbial,,,med,split from multi-sense 'kagiri' (limit / 'only until' sense),collision,I,""" as long as "" ;; "" only until ; limited """
kara,kara,〜から,から,because; since (reason/cause),,casual-spoken|polite-spoken|written-modern,none,essential,N5,connective,,,med,split: reason 'because' から; source 'from' = kara'; sequence 'after' = kara-2,collision;missing_only,A|B|I,""" after doing s.t . "" ;; "" because "" ;; <(no) kawari ni> ;; <irai> ;; <kara to itte> ;; <koto de> ;; <koto kara> ;; <naishi (wa)> ;; <naze nara (ba) kara da> ;; <to atte> ;; <toka de> ;; <tokoro kara> ;; <yue ni>"
kara ',kara-3,から,から,particle から marking a starting point: from (place/time),,casual-spoken|polite-spoken|written-modern,none,essential,N5,particle,,,high,,collision,B,""" from """
koto ga aru ',koto-ga-aru,〜たことがある,たことがある,have (once) done ~ before; there was a time when ~ (past experience),,casual-spoken|polite-spoken|written-modern,none,common,N5,aspect,ta-form|aru,,high,,collision,B,""" there was a time when~"""
koto ga aru²,koto-ga-aru-2,〜ことがある,ことがある,there are times when ~; ~ sometimes happens,,casual-spoken|polite-spoken|written-modern,none,common,N4,modality,koto,,high,,collision,B,""" there are times when~"""
kuru²,kuru-2,〜てくる,てくる,(aspect) begin to ~; come to ~; do and move toward the speaker/now,,casual-spoken|polite-spoken|written-modern,none,common,N4,aspect,te-form,,high,,collision,B,""" begin to ; come to """
mo,mo,も,も,"particle も: also, too (adds to a set)",,casual-spoken|polite-spoken|written-modern,none,essential,N5,particle,,,high,addition も; 'even' sense is mo²,collision;missing_only,A|B|I,""" also "" ;; <datte '> ;; <ni shita tokoro de> ;; <sae>"
"morau receive receive a favor of doing s t "" B morau",morau,〜てもらう,てもらう,"to have someone do something for you (benefactive, receiver's viewpoint)",,casual-spoken|polite-spoken|written-modern,none,essential,N4,auxiliary,te-form,,med,OCR-merged morau/morau²; kept benefactive 〜てもらう (dropped lexical 'receive'),garble,,""" "" "" .. ......... B morau² "" <yaru>"
mo²,mo-2,も,も,particle も: even ~ (emphasis on an extreme/unexpected case),,casual-spoken|polite-spoken|written-modern,none,common,N4,particle,,,high,,collision,B,""" even """
"nante things like "" 339 nante mon ja nai 465 nan te/to no/n da (ro)",nante,なんて,なんて,things like ~; such as ~ (often dismissive or surprised),,casual-spoken,none,common,N3,particle,,,med,"OCR-merged several なんて entries (なんて, 〜なんてもんじゃない, なんと); kept なんて 'things like' — others need own nodes | recheck: JLPT/Bunpro N3 なんて confirms dismissive listing; exclamatory なんて=nante-2",garble,A,""" "" <no nan no tte> <koto ka>"
ni,ni,に,に,"particle に (further uses): purpose with motion verbs, exhaustive listing/addition, result","[{""label"": ""purpose"", ""canonical"": ""〜に(行く)"", ""meaning"": ""in order to (with motion verbs)""}, {""label"": ""listing"", ""canonical"": ""〜に〜"", ""meaning"": ""and (exhaustive listing/addition)""}]",casual-spoken|polite-spoken|written-modern,none,essential,N5,particle,,,med,"advanced/listing uses of に; direction/existence = ni', indirect-object = ni²",collision,B|I,"<ni oite/okeru> ;; <ni wa> ;; <ni yotte/yori> ;; <to '> "" and "" ;; [ direct contract ] ;; [ purpose ]"
ni ',ni-2,に,に,"particle に marking destination/direction and location of existence (に行く, にある/いる)",,casual-spoken|polite-spoken|written-modern,none,essential,N5,particle,,,high,,collision,B,[ direction ] ;; [ location (existence) ]
ni shite ',ni-shite,〜にして,にして,at (a stage/age); only after/in (a period of time),,polite-spoken|written-modern,none,uncommon,N1,adverbial,,,med,[period of time] sense of 〜にして,collision,A,[ period of time ]
"ni shite both~and "" 429 ni shite kara ga 432 ni shite mo",ni-shite-2,〜にして,にして,"both ~ and ~ (emphatic equating, formal)",,written-modern|literary,none,rare,N1,connective,,,low,"collision-resolved: external にして 'at age/condition' maps to node 'ni-shite' (sense 1), not this 'both~and' sense; kept distinct, OCR-merged source",garble,A,""" """
ni²,ni-3,に,に,particle に marking the indirect object (recipient): to / for someone,,casual-spoken|polite-spoken|written-modern,none,essential,N5,particle,,,high,,collision,B,[ indirect object marker ]
no,no,〜の,の,の pronoun: 'one' — stands in for a noun (赤いの = the red one),,casual-spoken|polite-spoken|written-modern,none,common,N4,nominalizer,,,med,split from 'no' multi-gloss (pronoun 'one' sense); nominalizer/possessive = no',collision,B,""" one (pronoun) "" ;; [ sentence - final particle ]"
no,no-2,〜の,の,sentence-final の: explanatory tone or soft question (casual),,casual-spoken,none,common,N5,particle,,,med,split from 'no' multi-gloss (sentence-final particle sense),collision,B,""" one (pronoun) "" ;; [ sentence - final particle ]"
no ',no-3,の,の,particle の: possessive/linking (A の B = B of A) and nominalizer (clause → noun),"[{""label"": ""possessive"", ""canonical"": ""〜の〜"", ""meaning"": ""possessive/linking: A の B = B of A""}, {""label"": ""nominalizer"", ""canonical"": ""〜の"", ""meaning"": ""nominalizes a clause (= こと)""}]",casual-spoken|polite-spoken|written-modern,none,essential,N5,particle,,,high,,collision,B,[ nominalizer ] ;; [ possessive marker ]
noni,noni,〜のに,のに,"although ~; even though ~ (concessive, often with surprise/regret)",,casual-spoken|polite-spoken|written-modern,none,essential,N4,connective,,,high,concessive のに; 'in the process / purpose' sense is noni²,collision;missing_only,A|I,<daga> ;; <kuse ni> ;; <mono o> ;; <nagara (mo)> ;; <ni mo kakawarazu> ;; <ni wa> ;; <ni> ;; <to iu noni>
noni²,noni-2,〜のに,のに,for (the purpose of) doing ~; used in doing ~ (のに = の + に),,casual-spoken|polite-spoken|written-modern,none,common,N3,connective,no-3,,med,purpose/usage のに; distinct from concessive のに,collision,B,""" in the process of doing """
o ',o,を,を,particle を marking the direct object,,casual-spoken|polite-spoken|written-modern,none,essential,N5,particle,,,high,,collision,B,[ direct object marker ]
o²,o-2,を,を,"particle を marking the space/path traversed (公園を歩く, 空を飛ぶ)",,casual-spoken|polite-spoken|written-modern,none,common,N4,particle,,,high,,collision,B,[ space marker ]
rareru,rareru,〜られる,られる,"honorific/spontaneous られる: respectful verb form, and spontaneous occurrence (思い出される)",,polite-spoken|written-modern,sonkeigo,uncommon,N3,honorific,rareru-3,,med,rareru(I) grouped with honorific お〜だ + spontaneous; the 4 られる uses split across rareru/rareru'/rareru² — verify honorific vs spontaneous | recheck: honorific/spontaneous られる standard (no ext grammar gloss; structural label only),collision,I,<o~da> ;; <uru/eru>
rareru ',rareru-2,〜られる,られる,passive られる: the subject is acted upon (also adversative passive),,casual-spoken|polite-spoken|written-modern,none,essential,N4,passive,,,high,,collision,B,[ passive ]
rareru²,rareru-3,〜られる,られる,potential られる: can / be able to (見られる = can see),,casual-spoken|polite-spoken|written-modern,none,common,N4,modality,,,high,potential → family=modality (no 'potential' family; not passive),collision,B,""" can (potential) """
soko de ',soko-de,そこで,そこで,and so; therefore (conjunction introducing a consequent action),,casual-spoken|polite-spoken|written-modern,none,common,N3,connective,,,med,no gloss; そこで homograph pair — assigned 'and so/therefore' to '; verify vs soko de²,collision,I,
soko de²,soko-de-2,そこで,そこで,"at that point; thereupon (situational 'there, then')",,casual-spoken|polite-spoken|written-modern,none,uncommon,N2,connective,,,med,no gloss to disambiguate the そこで homograph pair — sense assignment between '/² is a guess | recheck: Bunpro N3 そこで (connective 'so/thereupon') confirms,collision,I,
suru,o-suru,お〜する / ご〜する,おする,humble お/ご + verb-stem + する: humbly do (for a superior),,polite-spoken|written-modern,kenjougo,common,N3,honorific,,,med,split from polysemous 'suru'; kept humble お〜する (kenjougo); dropped lexical do/play/have/cost,collision,A|B|I,""" cost ; lapse "" ;; "" do ; play "" ;; "" have "" ;; <nasu> ;; <o~suru (humble)> ;; <yaru '> ;; [ sensation ]"
suru,ga-suru,〜がする,がする,(sensation) 音/におい/味/感じ がする: a sound/smell/taste/feeling occurs,,casual-spoken|polite-spoken|written-modern,none,common,N4,other,ga-2,,med,split from polysemous 'suru'; kept がする sensation [sensation] gloss,collision,A|B|I,""" cost ; lapse "" ;; "" do ; play "" ;; "" have "" ;; <nasu> ;; <o~suru (humble)> ;; <yaru '> ;; [ sensation ]"
sōda²,souda-2,〜そうだ,そうだ,"looks like ~; seems ~ (appearance/conjecture, from verb-/adj-stem)",,casual-spoken|polite-spoken|written-modern,none,common,N4,modality,,,high,appearance/conjecture そうだ (vs hearsay そうだ = sōda¹),collision,B,""" looks """
to ',to-2,と,と,particle と: 'and' (exhaustive listing of nouns); 'with' (accompaniment),,casual-spoken|polite-spoken|written-modern,none,essential,N5,particle,,,high,,collision,B,""" and """
to mo naru to> ni/to mo naru to,to-mo-naru-to,〜ともなると / 〜となると,ともなると,when it comes to ~; once it's a matter of ~ (then naturally...),,polite-spoken|written-modern,none,uncommon,N1,conditional,to-2,,med,OCR fused 'to mo naru to> ni/to mo naru to'; standard 〜ともなると/となると,garble,,
to shite mo>,to-shite-mo,〜としても,としても,even if ~; even assuming ~,,casual-spoken|polite-spoken|written-modern,none,common,N2,conditional,to-shite,,med,OCR '>' stripped; 〜としても,garble,A,
"to suru s o assume s t feel~; look~"" (n) to surun to suru",to-suru,〜とする,とする,to assume/regard as ~; to take it that ~ (also 〜うとする 'try to'),,casual-spoken|polite-spoken|written-modern,none,common,N3,modality,to-2,,med,OCR-merged several とする (regard-as / volitional 〜うとする / sensation); kept 〜とする — others need own nodes | recheck: とする 'regard as' standard; 〜うとする 'try to' is a separate sense,garble,,""" "" "" .... I to suru """
to to to (wa wa wa) iu iu itte mono mono mo no no <to <ie>>> 664 664 288,to-wa-iu-mono-no,〜とはいうものの,とはいうものの,although; that said; even though (concessive),,polite-spoken|written-modern,none,uncommon,N2,connective,,,med,OCR severely garbled (tripled tokens); reconstructed 〜とはいうものの; possibly fused with といっても/とはいえ — verify | recheck: とはいうものの concessive reconstruction certain (ものの=N2),garble,A,<wa to mottomo wa ie>
"to with if ; when """,to-conditional,〜と,と,"conditional と: whenever/if X, (then the natural/automatic result)",,casual-spoken|polite-spoken|written-modern,none,essential,N4,conditional,,,med,split from garbled 'to with if;when [quote marker]'; conditional と,garble,B,""" "" "" .B to ' [ quote marker ] ... .B to * """
"to with if ; when """,to-quotative,〜と(言う/思う),と,"quotative と: marks a quote or thought (〜と言う, 〜と思う)",,casual-spoken|polite-spoken|written-modern,none,essential,N5,quotation,,,med,split from garbled row; quotative と [quote marker],garble,B,""" "" "" .B to ' [ quote marker ] ... .B to * """
tokoro da,tokoro-da,〜ところだ,ところだ,(aspect) at the point of: about to ~ / in the middle of ~ / just ~ed,,casual-spoken|polite-spoken|written-modern,none,common,N3,aspect,,,med,split from 'tokoro da'; kept aspectual 〜ところだ (dropped lexical 'place'),collision,B,""" moment "" ;; "" place """
tokoro o 312,tokoro-o,〜ところを,ところを,at a moment/situation when ~ (often despite: お忙しいところを),,polite-spoken|written-modern,none,uncommon,N2,connective,,,med,"stray page '312' in term; 〜ところを 'at the time/situation when, despite'",collision,B,<naka o>
"tte speaking of "" B -tte",tte,〜って,って,"casual って: quotative ('they say ~') and topic ('speaking of ~', = は/とは)","[{""label"": ""quotative"", ""canonical"": ""〜って"", ""meaning"": ""casual quote/hearsay: '~, they say'""}, {""label"": ""topic"", ""canonical"": ""〜って"", ""meaning"": ""casual topic: 'speaking of ~' (= は/とは)""}]",casual-spoken,none,common,N3,particle,,,med,OCR-garbled; casual って (quote/topic),garble,B,""" "" [ quote marker ]"
wa,wa,は,わ,は in contrastive/emphatic and advanced uses (grouped with たるや): distinguishing/limiting nuance,,casual-spoken|polite-spoken|written-modern,none,common,N3,particle,wa-2,,med,"advanced/contrastive は (A|I); theme は = wa', feminine sentence-final は = wa² | recheck: core は=N5 (Bunpro); this node=advanced contrastive/emphatic は",collision,A|I,<rei no> ;; <taruya>
wa ',wa-2,は,わ,particle は marking the topic/theme (as for ~),,casual-spoken|polite-spoken|written-modern,none,essential,N5,particle,,,high,,collision,B,[ theme ]
wa shikata ga nai to shite mo <wa ii,temo-shikata-ga-nai,〜ても仕方がない,てもしかたがない,there's no use ~ing; it can't be helped even if ~,,casual-spoken|polite-spoken|written-modern,none,uncommon,N3,modality,te-mo,,med,OCR-merged (〜ても仕方がない / としても / 〜てもいい); kept 〜ても仕方がない — others need own nodes | recheck: JLPT N3 ても仕方がない/てもしょうがない confirms 'no use',garble,,
wa²,wa-3,わ,わ,"sentence-final わ: soft emphasis, traditionally feminine speech",,casual-spoken,none,uncommon,N2,particle,,,high,,collision,B,[ female speech marker ]
ya,ya,や,や,particle や: 'and' (non-exhaustive listing — A や B など),,casual-spoken|polite-spoken|written-modern,none,common,N4,particle,,,high,split from 'ya'; kept listing や (dropped lexical 屋 'store'),collision,A|B,""" and "" ;; "" store "" ;; <dano> ;; <katsu> ;; <ya ina ya>"
yaru,yaru,〜てやる / やる,てやる,(casual benefactive) do something for someone (inferior/intimate); casual 'give',,casual-spoken,none,common,N4,auxiliary,te-form|ageru,,med,やる grouped with あげる; benefactive 〜てやる (casual),collision,B,<ageru '> ;; <suru²>
yori,yori,〜より,より,より: 'than' (comparison); also formal 'from' (starting point),,casual-spoken|polite-spoken|written-modern,none,essential,N4,particle,,,high,,collision,A|B|I,""" than "" ;; <sara ni>"
yori²,yori-2,寄り,より,〜寄り: leaning toward / closer to (suffix of proximity or tendency),,casual-spoken|polite-spoken|written-modern,none,rare,none,other,,yori,low,"collision-resolved: external より match is the comparative particle (= node 'yori'); our 寄り is the lexical proximity suffix — distinct, stays lexical/drop-candidate",collision,B,""" side """
yō,you,〜よう(が/に),よう,〜よう: a way/means of doing (やりよう); 〜ようがない = no way to,,casual-spoken|polite-spoken|written-modern,none,uncommon,N2,nominalizer,,,med,"collision-resolved: external N5 form-match is the volitional よう (= *volitional-form node), a different sense; our 〜よう way/means stays N2",collision,A|I,""" a way of doing s.t. "" ;; "" probably ; likely "" ;; <-muke>"
~2 bakari de (wa) naku~(mo),bakari-de-wa-naku-2,〜ばかりで(は)なく(も)、〜も,ばかりでなく,not only ~ but also ~ (full correlative 'A ばかりでなく B も'),,polite-spoken|written-modern,none,common,N3,connective,bakari-de-wa-naku,,med,homograph² (~2) of ばかりでなく with <うえに>; correlative framing — verify vs node 1 (may merge) | recheck: JLPT/Bunpro N3 ばかりでなく confirms (dup-suspect of bakari-de-naku),collision,I,<ue (ni)>
~2 ba~hodo yoi/ii,ba-hodo-yoi,〜ば〜ほどいい,ばほどいい,"the more ~, the better (best to ~ as much as possible)",,casual-spoken|polite-spoken|written-modern,none,uncommon,N2,conditional,ba-conditional|*hodo,,med,'~2' variant; 〜ば〜ほどいい/良い; cf に越したことはない,collision,A,<ni koshita koto wa nai>
~2 dake de (wa) naku (mo),dake-de-wa-naku-2,〜だけで(は)なく(も)、〜も,だけでなく,not only ~ but also ~ (full correlative 'A だけでなく B も'),,casual-spoken|polite-spoken|written-modern,none,common,N3,connective,dake-de-wa-naku,,med,homograph² (~2) of だけでなく with <をはじめ>; correlative framing — verify vs node 1 (may merge) | recheck: JLPT N3 だけでなく confirms (dup-suspect of dake-de-naku),collision,I,<o hajime (to shite)>
~2 de arō ga/to de arō ga/to,de-arou-ga,〜であろうが / 〜であろうと,であろうが,whether it be ~ (or not); no matter ~ (formal concessive),,written-modern|literary,none,rare,N1,conditional,volitional-form,,med,'~2' variant; 〜であろうが/と (formal); cf 〜と言わず〜と言わず,collision,A,<to iwazu~to iwazu>
~2 toka toka,toka-toka,〜とか〜とか,とかとか,things like ~ and ~ (non-exhaustive listing of examples),,casual-spoken|polite-spoken,none,common,N4,particle,*toka,,med,'~2' variant; 〜とか〜とか listing examples,collision,A,<no no to>
~de mo~de mode are de are>,de-are-de-are,〜であれ〜であれ,であれであれ,"whether ~ or ~; be it ~ or ~ (formal, covers all cases)",,written-modern|literary,none,rare,N1,conditional,,,med,OCR garbled; reconstructed 〜であれ〜であれ 'whether...or' (formal),garble,A,
de³,de-3,で,で,"で = te-form of だ/です: 'being ~, and...' (学生で、22歳)",,casual-spoken|polite-spoken|written-modern,none,essential,N5,copula,,,high,,collision,B,[ te - form of desu ]
iru¹,iru-3,いる,いる,"to exist; to be (for animate things — people, animals)",,casual-spoken|polite-spoken|written-modern,none,essential,N5,other,,,high,main verb いる 'exist (animate)',collision,B,""" exist """
iru³,iru-4,要る,いる,to need; to require (要る),,casual-spoken|polite-spoken|written-modern,none,common,N5,other,,,low,"homograph⁴; 要る 'need' is lexical — candidate to drop | recheck: no external (要る 'need' = vocab); lexical, drop candidate per §2",collision,B,""" need """
ka,ka,か,か,particle か: question marker; embedded question / uncertainty (〜かどうか),,casual-spoken|polite-spoken|written-modern,none,essential,N5,particle,,,high,question/embedded-question か; 'or' alternative = ka¹,collision,A|B|I,<-kke> ;; <mata wa> ;; <moshikuwa> ;; <naishi (wa)> ;; <yara> ;; [ question marker ]
ka¹,ka-2,か,か,particle か: 'or' (listing alternatives — コーヒーか紅茶),,casual-spoken|polite-spoken|written-modern,none,common,N5,particle,,,high,,collision,B,""" or """
kureru,kureru-2,〜てくれる,てくれる,"(someone) does ~ for me / my in-group (benefactive, toward speaker)",,casual-spoken|polite-spoken|written-modern,none,essential,N4,auxiliary,kureru|te-form,,high,,collision,B|I,""" s.o. gives me a favor by doing s.t . "" ;; <yaru>"
kureru¹,kureru,くれる,くれる,(someone) gives to me / my in-group (giver's action toward speaker),,casual-spoken|polite-spoken|written-modern,none,essential,N5,other,,,high,main verb くれる; てくれる = kureru-2,collision,B,""" s.o. gives s.t. to me """
kuru¹,kuru,来る,くる,to come (来る),,casual-spoken|polite-spoken|written-modern,none,essential,N5,other,,,med,main verb 来る 'come' — lexical; てくる aspect = kuru-2,collision,B,""" come """
mono ka¹,mono-ka,〜ものか,ものか,(emphatic rhetorical) there's no way ~!; absolutely not (行くものか),,casual-spoken,none,uncommon,N2,modality,,,high,emphatic 〜ものか 'definitely not' — resolves the mono ka² ambiguity (² may be dup/variant),collision,A,""" definitely not """
ni³,ni-4,に,に,particle に marking the agent/source (passive/causative: 先生に叱られる),,casual-spoken|polite-spoken|written-modern,none,common,N5,particle,rareru-2,,high,,collision,B,[ agent/source marker ]
ni¹,ni-5,に,に,particle に marking a specific point in time (3時に、月曜日に),,casual-spoken|polite-spoken|written-modern,none,essential,N5,particle,,,high,,collision,B,[ point of time ]
o³,o-3,を,を,"particle を marking the point of departure/separation (家を出る, 大学を卒業する)",,casual-spoken|polite-spoken|written-modern,none,common,N4,particle,,,high,,collision,B,[ a point of detachment ]
yaru¹,yaru-3,やる,やる,"to do (casual = する); to give (to inferior/animal, casual)",,casual-spoken,none,common,N4,other,,,low,"no gloss; yaru¹ → main-verb やる 'do/give (casual)' — verify vs other やる homographs | recheck: no external (やる main verb = vocab); lexical, drop candidate per §2",collision,I,
(datta),datta,だった,だった,past-tense plain copula 'was / were',,casual-spoken|polite-spoken|written-modern,none,common,N5,copula,da,,low,odd see-also そうになる; best-guess past copula だった from bare '(datta)',,I,<-sō ni naru>
(de) sae,de-sae,でさえ,でさえ,even ~ (cites an extreme example to imply the rest),,casual-spoken|polite-spoken|written-modern,none,common,N3,particle,,,high,,,A,<kara shite>
(de) sura,de-sura,ですら,ですら,"even ~ (emphatic, more formal/literary than でさえ)",,polite-spoken|written-modern|literary,none,uncommon,N2,particle,de-sae,,high,,,A,<kara shite>
(k) kiri,kiri,〜きり,きり,only ~ / just ~; (after past verb) ever since ~ (nothing further happened),,casual-spoken|polite-spoken|written-modern,none,common,N3,particle,,,med,きり has limiting 'only' and temporal 'ever since' senses; '(k)' = gemination っきり variant,,A,
(nado) to wa,nado-to-wa,などとは,などとは,(quoting) something like ~; the very idea of ~ (often dismissive or surprised),,casual-spoken|polite-spoken|written-modern,none,uncommon,N2,quotation,,,med,なんて-family dismissive quotation; reconstructed from see-also nante,,A,<nante '>
(ni shita) tokoro de,ni-shita-tokoro-de,にしたところで,にしたところで,even in the case of ~ / even ~ (concessive; it won't change the outcome),,polite-spoken|written-modern,none,rare,N1,connective,tokoro-da,,med,"missing_only, no vol/gloss; reconstructed にしたところで concessive",missing_only,,
(no) da kara,no-da-kara,のだから,のだから,because ~ (giving a reason the speaker treats as established/obvious),,casual-spoken|polite-spoken|written-modern,none,common,N3,connective,no-da,,high,,,A,<to atte wa>
(no) de areba,no-de-areba,のであれば,のであれば,if it is the case that ~ / if so ~ (formal conditional),,polite-spoken|written-modern,none,uncommon,N2,conditional,ba,,high,,,A,<to atte wa>
(no) kawari ni,no-kawari-ni,の代わりに,のかわりに,instead of ~ / in place of ~ / in exchange for ~,,casual-spoken|polite-spoken|written-modern,none,common,N3,connective,,,high,,,I,
(no) nara,no-nara,のなら,のなら,if ~ (is the case) / given that ~ (conditional on a stated supposition),,casual-spoken|polite-spoken|written-modern,none,common,N4,conditional,nara,,high,,,A,<to atte wa>
(no) ue de,no-ue-de,〜上で,うえで,after ~ / upon ~ (doing one thing as the basis for the next step),,polite-spoken|written-modern,none,common,N2,connective,,,high,,,A|I,<ageku (ni)>
(o oite) hoka ni (wa)~2 nai,o-oite-hoka-ni-nai,をおいて〜ない,をおいてほかにない,there is no ~ other than ...; ~ is the only one,,written-modern|literary,none,rare,N1,other,,,med,literary idiom をおいて…ない; '~2' is a superscript artifact,,A,
(so) desu ga,so-desu-ga,そうですが,そうですが,"that may be so, but ~ (concessive acknowledgment before objecting)",,polite-spoken,teineigo,common,N3,connective,,,med,reconstructed concessive そうですが from see-also そうかといって,,I,<sō ka to itte>
(tatoete) iu naraba,tatoete-iu-naraba,例えて言うならば,たとえていうならば,so to speak; to put it figuratively; if I may use a metaphor,,polite-spoken|written-modern,none,rare,N1,other,,,med,set figurative phrase; reconstructed,,A,<itte mireba>
(to i) ttara nai,to-ittara-nai,〜といったらない,といったらない,indescribably ~ / extremely ~ (an emotion or degree beyond words),,casual-spoken|written-modern,none,uncommon,N1,other,,,high,OCR '(to i) ttara' normalized to といったら,,A,
(yori/no) hoka (ni) (wa)~nai,yori-hoka-nai-2,〜よりほかない,よりほかない,there is no choice but ~; nothing other than ~,,polite-spoken|written-modern,none,uncommon,N2,modality,,,med,likely same pattern as yori-hoka-nai (risk row); merge in reconciliation,,A,
- te mote mo,te-mo,〜ても,ても,even if ~ / even though ~ (concessive),,casual-spoken|polite-spoken|written-modern,none,essential,N4,connective,te-form,,low,OCR garble '- te mote mo'; reconstructed as core concessive ても (page 603),,A,
- to iwazu~to iwazu,to-iwazu-to-iwazu,〜といわず〜といわず,といわずといわず,both ~ and ~ alike; whether ~ or ~ (no distinction made),,written-modern|literary,none,rare,N1,connective,,,high,,,A,
-ga (i) -nakereba,ga-nakereba,〜がなければ,がなければ,if there is no ~ / without ~ (conditional),,casual-spoken|polite-spoken|written-modern,none,common,N3,conditional,nai-form,,low,OCR '-ga (i) -nakereba'; reconstructed 'if not exist / without' via see-also なしでは,,I,<nashi de wa>
-ka nai ka,ka-nai-ka,〜か〜ないか,かないか,whether or not ~; ~ or not,,casual-spoken|polite-spoken|written-modern,none,common,N3,connective,ka,,high,,,A,<ka ina ka>
-koto wa ga,koto-wa-ga,〜ことは〜が,ことは〜が,"it is true that ~, but ~ (concessive admission)",,casual-spoken|polite-spoken|written-modern,none,uncommon,N2,connective,koto,,low,"missing_only, garbled '-koto wa ga'; reconstructed 〜ことは〜が concessive via see-also たしかに〜が",missing_only,,<tashikani~ga>
-to iito ii,to-ii-to-ii,〜といい〜といい,といいといい,both ~ and ~ (whether you consider one aspect or another),,casual-spoken|polite-spoken|written-modern,none,uncommon,N1,connective,,,med,OCR doubling 'iito ii'; reconstructed といい〜といい listing (vs wish といい),,A,
0~suru,o-suru-2,お〜する,お〜する,humble form: I humbly do ~ for you (お/ご + masu-stem + する),,polite-spoken|written-modern,kenjougo,common,N4,honorific,masu-stem,,med,'0' = OCR お; duplicate of o-suru (risk pass); merge in reconciliation,,B,
Imperative,imperative,命令形,めいれいけい,"the imperative (command) verb form: 行け, 食べろ, しろ",,casual-spoken|written-modern|literary,none,common,N4,other,,,high,"grammar-concept entry (verb form), not a particle string",,I,
In da,no-da,のだ,のだ,explanatory のだ/んだ: 'the fact is ~ / it's that ~' (gives background or reason),,casual-spoken|polite-spoken|written-modern,none,essential,N4,modality,,,high,'In da' = OCR んだ; this is the explanatory のだ node (colloquial んだ),,A,<no da>
"Relative Clause B ,",relative-clause,連体修飾節,れんたいしゅうしょくせつ,relative (noun-modifying) clause: a clause placed before a noun to modify it,,casual-spoken|polite-spoken|written-modern,none,essential,N4,other,,,high,"grammar-concept entry; 'B ,' is OCR junk",,I,
Rhetorical Question,rhetorical-question,反語,はんご,"rhetorical question: a question posed for effect, expecting no real answer",,casual-spoken|polite-spoken|written-modern,none,common,N3,other,,,high,grammar-concept entry,,I,
Vinf nonpast na,na-prohibitive,〜な,な,"negative command 'don't ~' (plain non-past verb + な): 行くな, 見るな",,casual-spoken|literary,none,common,N3,modality,,,high,prohibitive な (distinct from softening なさい/な),,A,<bekarazu/bekara- zaru>
Vmasu,masu-stem,連用形（ます形）,れんようけい,"the masu-stem (連用形): the verb base used for ます, compounds, and conjunctive linking",,casual-spoken|polite-spoken|written-modern,none,essential,N5,form,,,high,foundation form (non-catalog anchor *masu-stem now realized as a node),,I,
Vmasu as a Noun,masu-stem-noun,連用形の名詞用法,れんようけいのめいしようほう,"using a verb's masu-stem as a noun: 動く→動き 'movement', 遊ぶ→遊び 'play'",,casual-spoken|polite-spoken|written-modern,none,common,N3,nominalizer,masu-stem,,high,,,I,
Vpot hazu ga nai,hazu-ga-nai,〜はずがない,はずがない,there is no way that ~; ~ cannot possibly be the case,,casual-spoken|polite-spoken|written-modern,none,common,N4,modality,,,high,,,A,<beku mo nai>
Vpot wake ga nai,wake-ga-nai,〜わけがない,わけがない,there is no way ~ / it is impossible that ~,,casual-spoken|polite-spoken|written-modern,none,common,N3,modality,,,high,,,A,<beku mo nai>
Vte,te-form,て形,てけい,"the て-form of verbs/adjectives: the connective form used for linking, requests, and aspect",,casual-spoken|polite-spoken|written-modern,none,essential,N5,form,masu-stem,,high,foundation form (non-catalog anchor *te-form now realized as a node),,I,<Vmasu>
Vte kudasai,te-kudasai,〜てください,てください,please do ~ (polite request),,polite-spoken,teineigo,essential,N5,auxiliary,te-form,,high,,,A,<negau/negaimasu>
ZO,zo,ぞ,ぞ,"sentence-final ぞ: forceful assertion or emphasis (masculine, casual)",,casual-spoken,none,common,N3,particle,,,high,,,I,
aete,aete,あえて,あえて,daringly / deliberately / going out of one's way to ~,,polite-spoken|written-modern,none,uncommon,N1,adverbial,,,high,,,A,
ageku (ni),ageku-ni,〜あげく(に),あげく(に),after ~ (and as an unfortunate result); in the end after much ~,,polite-spoken|written-modern,none,uncommon,N2,connective,,,high,,,A,
aida (ni),aida-ni,〜間(に),あいだ(に),while / during ~ (あいだに = at a point within the span; あいだ = throughout the span),,casual-spoken|polite-spoken|written-modern,none,common,N4,connective,,,high,"holds あいだ (throughout) vs あいだに (at a point within) — closely related, kept as one",,B,
aida wa,aida-wa,〜間は,あいだは,during the time that ~ / as long as ~ (contrastive period),,casual-spoken|polite-spoken|written-modern,none,uncommon,N3,connective,aida-ni,,med,missing_only; reconstructed あいだは period via see-also kagiri,missing_only,,<kagiri '>
akiraka ni,akiraka-ni,明らかに,あきらかに,clearly / obviously / evidently (marks an evident conclusion),,casual-spoken|polite-spoken|written-modern,none,common,N2,adverbial,,,med,borderline lexical adverb 明らかに; kept as evidential adverbial,,A,<miru kara ni>
akumade mo,akumade-mo,あくまでも,あくまでも,to the very end / persistently / strictly (emphasizing firmness of stance),,polite-spoken|written-modern,none,uncommon,N1,adverbial,,,high,,,A,
an no jō,an-no-jo,案の定,あんのじょう,sure enough / just as expected / as feared,,polite-spoken|written-modern,none,uncommon,N1,adverbial,,,high,,,A,<hatashite>
anagachi~nai,anagachi-nai,あながち〜ない,あながち〜ない,not necessarily ~ / not entirely ~ (with a negative predicate),,polite-spoken|written-modern,none,uncommon,N1,adverbial,nai-form,,high,,,A,
angai,angai,案外,あんがい,unexpectedly / surprisingly (contrary to expectation),,casual-spoken|polite-spoken|written-modern,none,common,N2,adverbial,,,med,adverb 案外; kept as degree/evidential adverbial (borderline lexical),,A,<kekkō>
anmari,anmari,あんまり,あんまり,"colloquial あまり: '(not) very' (with negative) / 'too much, excessively'",,casual-spoken,none,common,N4,adverbial,amari,,high,,,B,<amari>
aruiwa,aruiwa,あるいは,あるいは,or / alternatively; possibly / perhaps,,polite-spoken|written-modern,none,common,N2,connective,,,high,,,A,<mata> ;; <moshikuwa> ;; <naishi (wa)>
atakamo,atakamo,あたかも,あたかも,just as if / as though (typically paired with かのようだ),,written-modern|literary,none,rare,N1,adverbial,,,high,,,A,<ka no yōni>
atari,atari,〜あたり,あたり,around ~ / approximately ~; (citing an example) something like ~,,casual-spoken|polite-spoken|written-modern,none,common,N2,particle,,,med,"あたり: 'around/approx' + 'for instance' senses; closely related, kept as one",,I,<ni tsuki>
atarimae da,atarimae-da,当たり前だ,あたりまえだ,it is natural / obvious / a matter of course that ~,,casual-spoken|polite-spoken|written-modern,none,common,N3,modality,,,high,"evaluative modality (borderline lexical, kept)",,A,<mono de wa nai>
ato,ato,あと,あと,besides / on top of that / and also (adding a further item to a list),,casual-spoken,none,common,N3,connective,,,med,あと has temporal 'after' and additive 'besides' senses; see-also さらに → additive sense,,A,<sara ni>
ato (de),ato-de,〜あと(で),あと(で),after ~ (doing) / later,,casual-spoken|polite-spoken|written-modern,none,essential,N4,connective,ta-form,,high,,,A,<sue (ni)>
ato de,ato-de-2,〜あとで,あとで,after ~ (doing) / later,,casual-spoken|polite-spoken|written-modern,none,essential,N4,connective,ta-form,,med,"duplicate of ato-de (B vol, temporal あとで); merge in reconciliation",,B,
ba,ba,〜ば,ば,"conditional 'if ~' (ば-form): general, hypothetical, and natural-consequence conditions",,casual-spoken|polite-spoken|written-modern,none,essential,N4,conditional,,,high,core ば-conditional (non-catalog anchor *ba-conditional now realized as a node),,B,
ba koso,ba-koso,〜ばこそ,ばこそ,"precisely because ~ / it is exactly because ~ (emphatic, formal reason)",,written-modern|literary,none,rare,N1,connective,ba,,high,,,A,
ba yokatta,ba-yokatta,〜ばよかった,ばよかった,should have ~ / I wish I had ~ (regret over what wasn't done),,casual-spoken|polite-spoken,none,common,N4,modality,ba,,high,,,B,
ba'ai,baai,〜場合,ばあい,in the case of ~ / when ~ / if ~ (a situation or contingency),,casual-spoken|polite-spoken|written-modern,none,essential,N4,connective,,,high,,missing_only,,<sai (ni)>
bakari,bakari,〜ばかり,ばかり,only / nothing but ~; just (did) ~ (〜たばかり); approximately ~,,casual-spoken|polite-spoken|written-modern,none,common,N3,particle,,,med,"ばかり multi-sense: limiting 'only', just-completed 〜たばかり, approximate; base node for bakari-da/ni/de-naku",,B,
bakari da,bakari-da,〜ばかりだ,ばかりだ,"things only keep ~ing (a one-way, usually worsening, trend)",,polite-spoken|written-modern,none,uncommon,N2,aspect,bakari,,high,,,A,<ippō (da)>
bakari de naku~(mo),bakari-de-wa-naku-3,〜ばかりでなく,ばかりでなく,not only ~ but also ~,,casual-spoken|polite-spoken|written-modern,none,common,N3,connective,bakari,,med,another bakari-de-naku row; merge with bakari-de-wa-naku family in reconciliation,,A,<kuwaete>
bakari ni,bakari-ni,〜ばかりに,ばかりに,simply because ~ (leading to an unfortunate or unexpected result),,polite-spoken|written-modern,none,uncommon,N2,connective,bakari,,high,,,A,
ba~hodo,ba-hodo,〜ば〜ほど,ばほど,"the more ~, the more ~ (proportional change)",,casual-spoken|polite-spoken|written-modern,none,common,N3,conditional,ba,,high,,,I,<hodo>
bekarazu/bekarazaru,bekarazu,〜べからず／べからざる,べからず／べからざる,"must not ~ (べからず, classical prohibition); 'inadmissible ~' (べからざる, attributive)",,written-modern|literary|archaic,none,rare,N1,modality,beki-da,,high,,,A,
beki de wa nai,beki-de-wa-nai,〜べきではない,べきではない,should not ~ / ought not to ~,,polite-spoken|written-modern,none,common,N3,modality,beki-da,,high,,,A,<mono de wa nai>
beki ka,beki-ka,〜べきか,べきか,should ~? / ought one to ~? (deliberative question),,polite-spoken|written-modern,none,uncommon,N2,modality,beki-da,,high,,,A,<mono ka '>
bekida,beki-da,〜べきだ,べきだ,should ~ / ought to ~ (strong advisability/obligation),,casual-spoken|polite-spoken|written-modern,none,common,N3,modality,,,high,,,I,
beku,beku,〜べく,べく,in order to ~ / so as to ~ (formal/literary purposive),,written-modern|literary,none,rare,N1,connective,beki-da,,high,,,A,
beku mo nai,beku-mo-nai,〜べくもない,べくもない,there is no way one can ~ / cannot possibly ~ (literary),,written-modern|literary,none,rare,N1,modality,beku,,high,,,A,
beku shite,beku-shite,〜べくして,べくして,inevitably ~ / as was bound to happen (起こるべくして起こった),,written-modern|literary,none,rare,N1,connective,beku,,high,,,A,
bun,bun,〜分,ぶん,the portion/amount of ~; to the extent of ~ (働いた分だけもらう),,casual-spoken|polite-spoken|written-modern,none,common,N2,particle,,,med,分: 'portion/extent' grammatical use (vs lexical 'part'),,I,
buri,buri,〜ぶり,ぶり,after an interval of ~ (三年ぶり 'first time in 3 years'); the manner/way of ~ing,,casual-spoken|polite-spoken|written-modern,none,common,N2,particle,,,med,ぶり: time-interval sense + 'manner of' sense,,I,<-rai>
chan,chan,〜ちゃん,ちゃん,"affectionate name suffix 〜ちゃん (for children, close friends, cute things)",,casual-spoken,none,common,N5,other,,,high,address suffix,,B,<-sama>
chau,chau,〜ちゃう,ちゃう,colloquial 〜てしまう: do completely / end up ~ing (completion or regret),,casual-spoken,none,common,N4,auxiliary,te-form,,high,contraction of てしまう,,B,<shimau>
chimau,chimau,〜ちまう,ちまう,colloquial/rough 〜てしまう: end up ~ing / do completely,,casual-spoken,none,common,N4,auxiliary,te-form,,high,rough contraction of でしまう (and てしまう),,B,<shimau>
chinami ni,chinami-ni,ちなみに,ちなみに,incidentally / by the way (adding a related aside),,casual-spoken|polite-spoken|written-modern,none,common,N2,connective,,,high,,,A,
chittomo,chittomo,ちっとも〜ない,ちっとも,(not) at all / (not) in the least (with a negative predicate),,casual-spoken,none,common,N3,adverbial,nai-form,,high,,,B,<amari>
chuto hanpani/na,chuto-hanpa,中途半端に／な,ちゅうとはんぱ,halfway / incompletely / half-heartedly (leaving something unfinished),,casual-spoken|polite-spoken|written-modern,none,uncommon,N1,adverbial,,,med,"中途半端 na-adj/adverb; borderline lexical, kept as adverbial",,A,<namaji (kka)>
chū (ni),chu-ni,〜中(に),ちゅう(に)／じゅう(に),during ~ / within ~ / in the middle of ~ (今日中に 'by end of today'),,casual-spoken|polite-spoken|written-modern,none,common,N3,particle,,,med,"中: ちゅう vs じゅう readings, 'during/within' span",,B,<uchi ni>
da,da,だ,だ,plain non-past copula 'is / are' (asserts identity or state),,casual-spoken|written-modern,none,essential,N5,copula,,,high,core copula (past form = datta),,B|I,<de aru> ;; <~wada>
daga,daga,だが,だが,but / however (clause-initial contrastive conjunction),,polite-spoken|written-modern,none,common,N3,connective,da,,high,,missing_only,B|I,<ga> ;; <tokoro ga>
dai,dai,だい,だい,sentence-final だい: casual masculine question marker on WH-questions (どこだい?),,casual-spoken,none,common,N3,particle,,,high,,,B,
daiichi,daiichi,第一,だいいち,first of all / for one thing / to begin with (introducing a primary reason),,casual-spoken|polite-spoken|written-modern,none,uncommon,N2,connective,,,med,第一 discourse 'first of all' (vs lexical 'number one'),,A,<somosomo (no)>
daitai,daitai,だいたい,だいたい,generally / roughly / approximately; (discourse) in the first place,,casual-spoken|polite-spoken|written-modern,none,common,N3,adverbial,,,med,だいたい 'roughly' + discourse 'in the first place' senses,,A,<oyoso>
dakara,dakara,だから,だから,so / therefore / that's why (states a consequence),,casual-spoken|polite-spoken|written-modern,none,essential,N4,connective,da,,high,,,A|B|I,<shitagatte> ;; <sore de> ;; <yue ni>
dakara to itte,dakara-to-itte,だからといって,だからといって,even so / that doesn't necessarily mean ~ (rejecting an over-hasty conclusion),,casual-spoken|polite-spoken|written-modern,none,common,N2,connective,dakara,,high,,,A|I,<to itte>
dake,dake,〜だけ,だけ,only / just ~; (extent) as much as ~ (できるだけ 'as much as possible'),,casual-spoken|polite-spoken|written-modern,none,essential,N5,particle,,,high,core だけ; base node for dake-da/de/atte/no-koto-da family,,A|B|I,<(k) kiri> ;; <ippo (da)> ;; <nomi>
dake (no koto) da,dake-no-koto-da,〜だけ(のこと)だ,だけ(のこと)だ,it's simply a matter of ~ / that's all (nothing more to it),,casual-spoken|polite-spoken|written-modern,none,uncommon,N2,modality,dake,,high,,,A,<made (no koto) da>
dake atte,dake-atte,〜だけあって,だけあって,"as one would expect of ~ / fittingly ~ (a deserved, fitting result)",,casual-spoken|polite-spoken|written-modern,none,uncommon,N2,connective,dake,,high,,,A,<dake ni>
dake da,dake-da,〜だけだ,だけだ,it's only ~ / simply ~; (after a verb) all that remains is to ~,,casual-spoken|polite-spoken|written-modern,none,common,N3,modality,dake,,med,だけだ: limiting 'only' and 'all that's left is to ~' senses,,I,<ni suginai>
dake de,dake-de,〜だけで,だけで,just by ~ / with only ~ (考えるだけで 'just thinking about it'),,casual-spoken|polite-spoken|written-modern,none,common,N4,connective,dake,,high,,,I,
dake demo,dake-demo,〜だけでも,だけでも,even just ~ / at least ~ (見るだけでも 'even just to look'),,casual-spoken|polite-spoken|written-modern,none,common,N3,connective,dake,,high,,,A,<dani>
dake ni,dake-ni,〜だけに,だけに,precisely because ~ (and so all the more) — a fitting consequence,,casual-spoken|polite-spoken|written-modern,none,uncommon,N2,connective,dake,,high,,,A,
dake no koto wa aru,dake-no-koto-wa-aru,〜だけのことはある,だけのことはある,no wonder ~ / ~ lives up to its reputation (the effort or quality shows),,casual-spoken|polite-spoken|written-modern,none,uncommon,N2,modality,dake,,high,,,A,
dake no koto wa atte,dake-no-koto-wa-atte,〜だけのことはあって,だけのことはあって,as befits ~ / fittingly because ~ (mid-sentence form of だけのことはある),,casual-spoken|polite-spoken|written-modern,none,uncommon,N2,connective,dake-no-koto-wa-aru,,med,mid-sentence form of dake-no-koto-wa-aru; closely paired,,A,<dake atte>
dakedo,dakedo,だけど,だけど,but / however (casual contrastive conjunction),,casual-spoken,none,common,N4,connective,da,,high,,missing_only,B,<daga> ;; <g>
dani,dani,〜だに,だに,even (just) ~ (想像するだに 'even just to imagine'); (with negative) not even,,written-modern|literary,none,rare,N1,particle,,,high,,,A,
dara,dara,だら／だったら,だら,colloquial conditional 'if it is ~' (contraction of だったら),,casual-spoken,none,uncommon,N4,conditional,ta-form,,low,'dara' ambiguous; best-guess colloquial conditional だら/だったら via see-also たら,,B,<-tara>
darake,darake,〜だらけ,だらけ,"covered in ~ / full of ~ (usually something undesirable: 泥だらけ, 間違いだらけ)",,casual-spoken|polite-spoken|written-modern,none,common,N3,particle,,,high,,,I,
daro,daro,だろ,だろ,casual contraction of だろう: 'probably ~' / 'right?' (seeking agreement),,casual-spoken,none,common,N4,modality,darou,,high,,,B,
daro ga/to darō ga/to,darou-ga-to,〜だろうが／だろうと,だろうが／だろうと,whether ~ or not / no matter ~ (concessive with the conjecture form),,polite-spoken|written-modern,none,uncommon,N1,connective,darou,,med,OCR-doubled term; だろうが/だろうと concessive,,A,<- to iwazu - to iwazu>
darō,darou,だろう,だろう,probably ~ / I suppose ~ (conjecture); also seeks agreement '~right?',,casual-spoken|polite-spoken|written-modern,none,essential,N5,modality,,,high,,missing_only,I,<-yo> ;; <de arō> ;; <karō>
darō ka,darou-ka,だろうか,だろうか,I wonder if ~ / perhaps ~ (self-questioning conjecture),,casual-spoken|polite-spoken|written-modern,none,common,N3,modality,darou,,high,,,A,<yara>
dasu,dasu,〜出す,だす,"suddenly start ~ing / burst into ~ing (笑い出す, 降り出す)",,casual-spoken|polite-spoken|written-modern,none,common,N4,aspect,masu-stem,,high,,,B,
de ageru,de-ageru,〜であげる,であげる,voiced allomorph of 〜てあげる (do ~ for someone): 読んであげる,,casual-spoken|polite-spoken|written-modern,none,common,N4,auxiliary,te-form,ageru-2,med,voiced て-allomorph of てあげる; fold into te-ageru,,B,<ageru>
de are,de-are,〜であれ,であれ,"whether it be ~ / no matter ~ (concessive, formal)",,polite-spoken|written-modern,none,uncommon,N1,connective,de-aru,,high,,,A,
de aru,de-aru,である,である,"formal/written copula 'to be' (である調, used in essays and formal writing)",,written-modern|literary,none,common,N3,copula,da,,high,,missing_only,A|B,<aru> ;; <to demo iu beki>
de arō,de-arou,であろう,であろう,"probably / surely ~ (formal/literary conjecture, = だろう)",,written-modern|literary,none,uncommon,N2,modality,de-aru,,high,,,I,
de arō ga/to,de-arou-ga-to,〜であろうが／と,であろうがと,whether ~ or / no matter ~ (formal concessive),,written-modern|literary,none,rare,N1,connective,de-arou,,med,related to de-arou-ga (risk pass); であろうが/と concessive; merge candidate,,A,<de are>
de atte mo,de-atte-mo,〜であっても,であっても,even if it is ~ / even being ~ (concessive),,polite-spoken|written-modern,none,common,N2,connective,de-aru,,high,,,A,<de are>
de hoshii,de-hoshii,〜でほしい,でほしい,voiced allomorph of 〜てほしい (want someone to ~): 読んでほしい,,casual-spoken|polite-spoken|written-modern,none,common,N4,auxiliary,te-form,te-hoshii,med,voiced て-allomorph of てほしい; fold into te-hoshii,,B,<hoshii ?>
de iru,de-iru,〜でいる,でいる,voiced allomorph of 〜ている (ongoing action/state): 遊んでいる,,casual-spoken|polite-spoken|written-modern,none,essential,N5,aspect,te-form,te-iru,med,voiced て-allomorph of ている; fold into te-iru,,B,<iru>
de itadaku,de-itadaku,〜でいただく,でいただく,voiced allomorph of 〜ていただく (humbly have someone do ~): 読んでいただく,,polite-spoken|written-modern,kenjougo,common,N4,auxiliary,te-form,te-itadaku,med,voiced て-allomorph of ていただく; fold into te-itadaku,,B,<morau²>
de kudasai,de-kudasai,〜でください,でください,voiced allomorph of 〜てください (please do ~): 読んでください,,polite-spoken,teineigo,essential,N5,auxiliary,te-form,te-kudasai,med,voiced て-allomorph of てください; fold into te-kudasai,,B,<kudasai>
de kudasaru,de-kudasaru,〜でくださる,でくださる,"voiced allomorph of 〜てくださる (someone kindly does ~ for me, honorific)",,polite-spoken|written-modern,sonkeigo,common,N4,auxiliary,te-form,te-kudasaru,med,voiced て-allomorph of てくださる; fold into te-kudasaru,,B,<kureru>
de kureru,de-kureru,〜でくれる,でくれる,voiced allomorph of 〜てくれる (someone does ~ for me): 読んでくれる,,casual-spoken|polite-spoken|written-modern,none,common,N4,auxiliary,te-form,te-kureru,med,voiced て-allomorph of てくれる; fold into te-kureru,,B,<kureru>
de miru,de-miru,〜でみる,でみる,voiced allomorph of 〜てみる (try ~ing): 読んでみる,,casual-spoken|polite-spoken|written-modern,none,common,N4,auxiliary,te-form,te-miru,med,voiced て-allomorph of てみる; fold into te-miru,,B,<miru>
de mo,de-mo,でも,でも,でも: 'even ~ (extreme example)'; 'even if it is ~'; (sentence-initial) 'but',,casual-spoken|polite-spoken|written-modern,none,essential,N4,particle,,,med,"でも multi-sense: particle 'even', concessive 'even if', conjunction 'but' — see also demo node",,A|B,"<de are> ;; <te mo> "" even if """
de mo ii,de-mo-ii,〜でもいい,でもいい,voiced allomorph of 〜てもいい (permission 'may ~ / it's OK to'): 読んでもいい,,casual-spoken|polite-spoken|written-modern,none,essential,N5,modality,te-form,te-mo-ii,med,voiced て-allomorph of てもいい; fold into te-mo-ii,,B,<te mo ii>
de mo/ja aru mai shi,ja-aru-mai-shi,〜じゃあるまいし,じゃあるまいし,it's not as though ~ / since it isn't ~ (so you should... — criticism or reasoning),,casual-spoken|written-modern,none,uncommon,N1,connective,,,high,,,A,
de moraitai,de-moraitai,〜でもらいたい,でもらいたい,voiced allomorph of 〜てもらいたい (want someone to do ~): 読んでもらいたい,,casual-spoken|polite-spoken|written-modern,none,common,N4,auxiliary,te-form,te-moraitai,med,voiced て-allomorph of てもらいたい; fold into te-moraitai,,B,<hoshii²>
de morau,de-morau,〜でもらう,でもらう,voiced allomorph of 〜てもらう (have someone do ~ for one's benefit): 読んでもらう,,casual-spoken|polite-spoken|written-modern,none,common,N4,auxiliary,te-form,morau,med,voiced て-allomorph of てもらう; fold into te-morau,,B,<morau²>
de nai to,de-nai-to,〜でないと,でないと,if it isn't ~ / unless ~ (otherwise something bad follows),,casual-spoken|polite-spoken|written-modern,none,common,N3,conditional,de-aru,,high,,,A,<nara de wa (no)>
de nakattara,de-nakattara,〜でなかったら,でなかったら,if it is not ~ (negative-copula conditional),,casual-spoken|polite-spoken|written-modern,none,common,N3,conditional,de-aru,,med,negative-copula conditional; near-synonym of de-nakereba/de-nai-to (page 350 cluster),,A,<nara de wa (no)>
de nakereba,de-nakereba,〜でなければ,でなければ,if it is not ~ / unless it is ~ (conditional),,casual-spoken|polite-spoken|written-modern,none,common,N3,conditional,de-aru,,med,near-synonym of de-nai-to/de-nakattara family (page 350 cluster),,A,<nara de wa (no)>
de nakute wa,de-nakute-wa,〜でなくては,でなくては,unless it is ~ / it must be ~ (necessity),,casual-spoken|polite-spoken|written-modern,none,common,N3,conditional,de-aru,,med,negative-copula necessity; de-nai-to family (page 350 cluster),,A,<nara de wa (no)>
de oku,de-oku,〜でおく,でおく,voiced allomorph of 〜ておく (do ~ in advance / leave ~ done): 読んでおく,,casual-spoken|polite-spoken|written-modern,none,common,N4,aspect,te-form,te-oku,med,voiced て-allomorph of ておく; fold into te-oku,,B,<oku>
de sashiageru,de-sashiageru,〜でさしあげる,でさしあげる,voiced allomorph of 〜てさしあげる (humbly do ~ for someone): 読んでさしあげる,,polite-spoken|written-modern,kenjougo,uncommon,N3,auxiliary,te-form,te-sashiageru,med,voiced て-allomorph of てさしあげる; fold into te-sashiageru,,B,<ageru>
de shikata ga nai,de-shikata-ga-nai,〜でしかたがない,でしかたがない,voiced allomorph of 〜てしかたがない (can't help feeling ~ / unbearably ~),,casual-spoken|polite-spoken|written-modern,none,common,N3,modality,te-form,te-shikata-ga-nai,med,voiced て-allomorph of てしかたがない (feeling); distinct from temo-shikata-ga-nai 'no use ~ing',,B,<tamaranai>
de shimau,de-shimau,〜でしまう,でしまう,voiced allomorph of 〜てしまう (do completely / end up ~ing): 読んでしまう,,casual-spoken|polite-spoken|written-modern,none,common,N4,aspect,te-form,te-shimau,med,voiced て-allomorph of てしまう; fold into te-shimau (chau/chimau are its contractions),,B,<shimau>
de tamaranai,de-tamaranai,〜でたまらない,でたまらない,voiced allomorph of 〜てたまらない (unbearably ~ / can't stand how ~),,casual-spoken|polite-spoken|written-modern,none,common,N3,modality,te-form,te-tamaranai,med,voiced て-allomorph of てたまらない; fold into te-tamaranai,,B,<tamaranai>
de wa,de-wa,では,では,では: contrastive topic 'as for / when it comes to ~'; also 'well then' (transition),,casual-spoken|polite-spoken|written-modern,none,common,N3,particle,,,med,では: contrastive topic 'as for' + discourse-initial 'well then' senses,,A,<ni kakete wa>
de wa ikenai,de-wa-ikenai,〜ではいけない,ではいけない,must not ~ / it's not allowed to ~ (voiced では allomorph of てはいけない),,casual-spoken|polite-spoken|written-modern,none,essential,N5,modality,te-form,te-wa-ikenai,med,voiced allomorph of てはいけない prohibition; fold into te-wa-ikenai,,B,<wa ikenai>
de wa naranai,de-wa-naranai,〜ではならない,ではならない,must not ~ (formal prohibition; voiced では allomorph of てはならない),,polite-spoken|written-modern,none,common,N3,modality,te-form,te-wa-naranai,med,voiced allomorph of てはならない; fold into te-wa-naranai,,B,<wa ikenai>
de yaru,de-yaru,〜でやる,でやる,"voiced allomorph of 〜てやる (do ~ for an inferior/animal, or defiantly): 読んでやる",,casual-spoken,none,common,N4,auxiliary,te-form,te-yaru,med,voiced て-allomorph of てやる; fold into te-yaru,,B,<ageru>
deshō,deshou,でしょう,でしょう,polite conjecture 'probably ~' / seeks agreement '~right?' (= polite だろう),,polite-spoken,teineigo,essential,N5,modality,darou,,high,,,B|I,<-yō²> ;; <darō>
desu,desu,です,です,polite copula 'is / are' (です・ます style),,polite-spoken,teineigo,essential,N5,copula,,,high,,,B,<wa~da>
dochira ka to ieba,dochira-ka-to-ieba,どちらかと言えば,どちらかといえば,if anything / if I had to choose / relatively speaking,,casual-spoken|polite-spoken|written-modern,none,common,N2,adverbial,ba-conditional,,high,,,A,<dochira ka to iu to>
dochira ka to iu to,dochira-ka-to-iu-to,どちらかと言うと,どちらかというと,if anything / rather / if you ask which (near-variant of どちらかと言えば),,casual-spoken|polite-spoken|written-modern,none,common,N2,adverbial,dochira-ka-to-ieba,,med,near-synonym variant of dochira-ka-to-ieba; possible merge in reconciliation,,A,
doko made mo,doko-made-mo,どこまでも,どこまでも,thoroughly / to the very end / persistently,,casual-spoken|polite-spoken|written-modern,none,uncommon,N2,adverbial,,,med,see-also あくまでも; emphatic 'all the way' adverbial,,A,<akumade mo>
dokoro de wa nai,dokoro-de-wa-nai,〜どころではない,どころではない,this is no time for ~ / far from ~ing (emphatic denial of appropriateness),,casual-spoken|polite-spoken|written-modern,none,common,N2,modality,,,high,,,A,
dokoro no hanashi de wa nai,dokoro-no-hanashi-de-wa-nai,〜どころの話ではない,どころのはなしではない,it's not a matter of ~ / far from it (stronger variant of どころではない),,casual-spoken|polite-spoken|written-modern,none,uncommon,N1,modality,dokoro-de-wa-nai,,med,emphatic variant of どころではない,,A,<dokoro de wa nai>
dokoroka,dokoroka,〜どころか,どころか,far from ~ / on the contrary / not only ~ (but),,casual-spoken|polite-spoken|written-modern,none,common,N2,connective,,,high,,missing_only,A|I,<dokoro de wa nai> ;; <mashite (ya)> ;; <sore dokoroka> ;; <~bakari ka 2 (sae)>
domo,domo,〜ども,ども,"humble/derogatory pluralizing suffix for people (私ども, 野郎ども)",,casual-spoken|polite-spoken|written-modern,none,uncommon,N1,other,,,med,see-also -tachi pins pluralizer ども; classical concessive ども 'even though' is a separate sense not taken here,,A|B,<-tachi>
donna,donna,どんな,どんな,what kind of ~ (interrogative pre-noun adjectival),,casual-spoken|polite-spoken|written-modern,none,common,N5,other,,,high,,,A,<ikanaru>
donnani,donnani,どんなに,どんなに,(no matter) how much / however ~ (typically どんなに〜ても),,casual-spoken|polite-spoken|written-modern,none,common,N3,adverbial,te-mo,,high,,,A,<ikani> ;; <ikura>
donnani~(koto) ka,donnani-koto-ka,どんなに〜(こと)か,どんなにことか,how very ~! (exclamatory expression of strong degree),,casual-spoken|polite-spoken|written-modern,none,uncommon,N2,modality,donnani,,med,exclamatory 〜ことか pattern; reading of こと part reconstructed,,I,
dono yōna,dono-youna,どのような,どのような,what kind of ~ (polite/formal equivalent of どんな),,polite-spoken|written-modern,none,common,N4,other,donna,,high,,,A,<ikanaru>
dorehodo (koto) ka,dorehodo-koto-ka,どれほど〜(こと)か,どれほどことか,"how much ~! (exclamatory degree, variant of どんなにことか)",,casual-spoken|polite-spoken|written-modern,none,uncommon,N2,modality,donnani-koto-ka,,med,variant of どんなに〜ことか exclamatory,,I,<donnani~(koto) ka>
dō,dou,どう,どう,how / in what way (interrogative adverb),,casual-spoken|polite-spoken|written-modern,none,common,N5,adverbial,,,med,borderline lexical interrogative adverb; kept per CALIBRATION §2,,B,
dō iu wake (da) ka,dou-iu-wake-da-ka,どういうわけ(だ)か,どういうわけだか,for some reason / somehow (= なぜか),,casual-spoken|polite-spoken|written-modern,none,uncommon,N2,adverbial,,,med,see-also なぜか; idiomatic 'for some reason',,A,<naze ka>
dō ka,dou-ka,どうか,どうか,"please (earnest request) / somehow, one way or another","[{""label"":""request"",""canonical"":""どうか"",""meaning"":""please (earnest, formal request)""},{""label"":""manner"",""canonical"":""どうか"",""meaning"":""somehow / one way or another""}]",casual-spoken|polite-spoken|written-modern,none,common,N3,adverbial,,,med,two senses (earnest request 'please' vs 'somehow'); both kept in senses[],,A,
dō ka suru to,dou-ka-suru-to,どうかすると,どうかすると,sometimes / apt to / if things go a certain way,,casual-spoken|polite-spoken|written-modern,none,uncommon,N1,adverbial,,,med,see-also ともすると; 'tends to / sometimes',,A,<to mo suru to>
dō ni ka,dou-ni-ka,どうにか,どうにか,somehow / manage to (barely accomplish),,casual-spoken|polite-spoken|written-modern,none,common,N2,adverbial,,,high,,,A,<nan to ka>
dō ni mo kō ni mo~nai,dou-ni-mo-kou-ni-mo-nai,どうにもこうにも〜ない,どうにもこうにもない,can't do anything at all / there's absolutely no way (emphatic),,casual-spoken|polite-spoken|written-modern,none,rare,N1,adverbial,dou-ni-mo-nai,,med,emphatic doubled variant of どうにも〜ない,,A,<dō ni mo~nai>
dō ni mo~nai,dou-ni-mo-nai,どうにも〜ない,どうにもない,can't possibly ~ / there's no way to ~,,casual-spoken|polite-spoken|written-modern,none,uncommon,N1,adverbial,,,med,'no way to' + negative; reconstructed from bare romaji,,A,
dōse,douse,どうせ,どうせ,"anyway / after all / in any case (resigned, often pessimistic)",,casual-spoken|polite-spoken|written-modern,none,common,N2,adverbial,,,high,,,I,
dōshi,doushi,〜同士,どうし,among / between fellow ~ / each other (友達同士),,casual-spoken|polite-spoken|written-modern,none,uncommon,N2,other,,,med,chose suffix 同士 'fellow/each-other'; 動詞 'verb' metalabel rejected as non-pattern,,A,
dōshite (da) ka,doushite-da-ka,どうして(だ)か,どうしてだか,for some reason / somehow (= なぜか),,casual-spoken|polite-spoken|written-modern,none,uncommon,N2,adverbial,,,med,see-also なぜか; 'for some reason',,A,<naze ka>
dōzo,douzo,どうぞ,どうぞ,please / go ahead / by all means (offering or granting),,casual-spoken|polite-spoken|written-modern,none,common,N5,interjection,,,high,,,A,<dō ka>
eru,eru,〜得る,える,"can / be able to / it is possible to ~ (potential auxiliary, also うる)",,polite-spoken|written-modern,none,common,N2,modality,masu-stem,,high,"see-also rareru² (potential); 〜得る potential, read える or うる",,B,<rareru²>
fu no,fu-no,〜風の,ふうの,~-style / ~-like / in the manner of ~ (adnominal),,casual-spoken|polite-spoken|written-modern,none,uncommon,N2,other,,,low,romaji 'fu no' read as 風の (cf -ppoi see-also); macron may be dropped — verify fu vs fū,,I,<-ppoi>
futsu no,futsu-no,普通の,ふつうの,ordinary / usual / plain ~ (adnominal),,casual-spoken|polite-spoken|written-modern,none,uncommon,N3,other,,,low,borderline lexical (普通 'ordinary'); see-also ただの 'mere'; kept per CALIBRATION §2,,I,<tada no>
fū ni,fuu-ni,〜風に,ふうに,in the manner of / like ~ (こんな風に 'in this way'),,casual-spoken|polite-spoken|written-modern,none,common,N2,adverbial,,,high,,,I,
ga hayai ka,ga-hayai-ka,〜が早いか,〜がはやいか,"as soon as / no sooner than ~ (the moment one does X, Y happens)",,polite-spoken|written-modern,none,uncommon,N1,connective,,,high,,,A,<ya ina ya>
gachi,gachi,〜がち,がち,tend to ~ / be prone to ~ (usually undesirable: 忘れがち),,casual-spoken|polite-spoken|written-modern,none,uncommon,N3,adverbial,masu-stem,,high,,,A|I,<kirai ga aru>
garu,garu,〜がる,がる,"show signs of / outwardly display a feeling (3rd person: 寒がる, 欲しがる)",,casual-spoken|polite-spoken|written-modern,none,common,N4,auxiliary,,,high,,,B,
gata,gata,〜方,がた,"polite pluralizing suffix for people (あなた方, 先生方)",,polite-spoken|written-modern,sonkeigo,common,N4,other,,,med,see-also -tachi; 方 polite plural suffix,,B,<-tachi>
gatai,gatai,〜難い,がたい,hard to ~ / difficult to bring oneself to ~ (理解しがたい),,polite-spoken|written-modern,none,common,N3,modality,masu-stem,,high,see-also -kaneru; 〜難い difficulty suffix,,I,<-kaneru>
gimi,gimi,〜気味,ぎみ,"-ish / a touch of / showing signs of ~ (風邪気味, 疲れ気味)",,casual-spoken|polite-spoken|written-modern,none,common,N3,adverbial,masu-stem,,high,see-also -gachi; 〜気味 'a touch of',,I,<-gachi>
goro,goro,〜頃,ごろ,around / about (a point in time: 3時頃),,casual-spoken|polite-spoken|written-modern,none,essential,N4,other,,,high,contrast くらい (approximate quantity) vs ごろ (approximate point in time),,B,
goto ni,goto-ni,〜ごとに,ごとに,each / every ~ (一日ごとに 'every single day'),,casual-spoken|polite-spoken|written-modern,none,common,N3,adverbial,,,high,see-also 単位で; 毎 distributive 'each',,A|B,<tan'i de>
gotoshi,gotoshi,〜如し,ごとし,"like / as if ~ (classical simile: 〜の如し, attributive 如き/如く)",,literary|archaic,none,rare,N1,modality,,,high,classical/literary simile auxiliary 如し,,A,
gurai,gurai,〜ぐらい,ぐらい,about / approximately / to the extent of ~ (voiced variant of くらい),,casual-spoken|polite-spoken|written-modern,none,essential,N5,particle,,kurai,high,voiced variant of くらい; fold into kurai,,B,<kurai>
gyaku ni,gyaku-ni,逆に,ぎゃくに,conversely / on the contrary / the other way around,,casual-spoken|polite-spoken|written-modern,none,common,N2,connective,,,high,,,I,
hajimeru,hajimeru,〜始める,はじめる,begin to ~ / start ~ing (compound-verb aspect: 降り始める),,casual-spoken|polite-spoken|written-modern,none,common,N4,aspect,masu-stem,,high,,,B,
hanmen,hanmen,〜反面,はんめん,on the other hand / while ~ (presenting a contrasting side: 〜反面),,polite-spoken|written-modern,none,common,N2,connective,,,high,see-also 一方(で),,A,<ippō (de)>
hatashite,hatashite,果たして,はたして,"sure enough / as expected; (with question) really, indeed ~?",,polite-spoken|written-modern,none,uncommon,N2,adverbial,,,high,,,A,
hazu,hazu,〜はず,はず,"should / be supposed to / be expected to ~ (はずだ, reasoned expectation)",,casual-spoken|polite-spoken|written-modern,none,essential,N4,modality,,,high,see-also べきだ; はず = expectation (vs べき obligation),,B,<bekida>
hazu wa nai,hazu-wa-nai,〜はずはない,はずはない,cannot be / surely not ~ (contrastive-topic variant of はずがない),,casual-spoken|polite-spoken|written-modern,none,uncommon,N3,modality,hazu,hazu-ga-nai,med,は-marked variant of はずがない; fold into hazu-ga-nai,,I,<koto wa nai>
hetani,hetani,下手に,へたに,carelessly / ill-advisedly / clumsily (下手に〜と often warns of bad outcome),,casual-spoken|polite-spoken|written-modern,none,uncommon,N1,adverbial,,,med,see-also なまじ(っか); 'rashly/ill-advisedly',,A,<namaji (kka)>
hiite wa,hiite-wa,延いては,ひいては,and by extension / consequently / ultimately,,written-modern|literary,none,rare,N1,connective,,,med,bare romaji; read as 延いては 'by extension' (formal connective),,A,
hijōni,hijouni,非常に,ひじょうに,extremely / very (high-degree adverb),,casual-spoken|polite-spoken|written-modern,none,common,N4,adverbial,,,med,borderline lexical degree adverb; kept per CALIBRATION §2,,A|I,<kono ue nai> ;; <nakanaka>
hito/ichi 2 nai,hitoichi-nai,一〜ない,ひとつ〜ない,not even one ~ (一+counter emphatic total negation),,polite-spoken|written-modern,none,uncommon,N1,other,counter,ichi-to-shite-nai,low,OCR '2' artifact; reconstructed 一(counter)〜ない total-negation; same family as 一〜として(も)ない,,A,[ Wh - word ] [ Counter ] <hito/ichi [ Counter ] to shite nai>
hitotsu,hitotsu,一つ,ひとつ,(adverbial) for one thing; (softener in requests) just / kindly (ひとつよろしく),,casual-spoken|polite-spoken|written-modern,none,uncommon,N2,adverbial,,,low,bare romaji; adverbial/softener 一つ chosen over lexical numeral 'one',,A,
hitotsu ni wa,hitotsu-ni-wa,一つには,ひとつには,for one thing / one reason being ~ (listing reasons),,polite-spoken|written-modern,none,uncommon,N1,connective,hitotsu,,med,reason-listing 一つには,,A,
hitsuyo wa nai,hitsuyo-wa-nai,〜必要はない,ひつようはない,there is no need to ~,,casual-spoken|polite-spoken|written-modern,none,common,N3,modality,,,high,see-also までもない,,I,<made mo nai>
"hodo B ,",hodo,〜ほど,ほど,extent / degree; approximately; the more ~ the more (〜ば〜ほど),,casual-spoken|polite-spoken|written-modern,none,essential,N3,particle,,,low,"OCR garble 'B ,' stripped → base ほど; possible cross-row dup with other hodo patterns — check in reconciliation",,I,
hodo hodo no mo nai,hodo-no-koto-wa-nai,〜ほどのことはない,ほどのことはない,it's not so much as to ~ / not worth ~ing,,casual-spoken|polite-spoken|written-modern,none,uncommon,N2,modality,hodo,,low,OCR garble; reconstructed 〜ほどのことはない from see-also くらいこと/までもない,,I,<kurai koto> <made mo nai>
hoka,hoka,〜ほか,ほか,other than / besides ~ (〜のほか); also 〜よりほかない 'no choice but',,casual-spoken|polite-spoken|written-modern,none,common,N3,particle,,,med,see-also 以外 pins 'besides/other than'; ほかない 'no choice but' is a related sense,,I,<igai>
hontō ni,hontou-ni,本当に,ほんとうに,really / truly (intensifier adverb),,casual-spoken|polite-spoken|written-modern,none,common,N4,adverbial,,,med,borderline lexical degree adverb; kept per CALIBRATION §2,,A|I,<(to i) ttara nai> ;; <ikanimo>
hoshii want s t,hoshii,ほしい,ほしい,"want (something) (〜がほしい); with て-form, want someone to do (〜てほしい)","[{""label"":""object desire"",""canonical"":""〜がほしい"",""meaning"":""want (a thing)""},{""label"":""action desire"",""canonical"":""〜てほしい"",""meaning"":""want someone (else) to do ~""}]",casual-spoken|polite-spoken|written-modern,none,essential,N5,modality,te-form,,med,OCR 'want s t' = gloss residue; covers がほしい + てほしい; てほしい may warrant its own node,,B,""" "" "" .. .B hoshii "" "" want s.o. to do s.t. """
hotondo nai,hotondo-nai,ほとんど〜ない,ほとんどない,hardly / almost never ~,,casual-spoken|polite-spoken|written-modern,none,common,N3,adverbial,,,high,see-also めったに〜ない,,A,<metta ni~nai>
höhō,houhou,方法,ほうほう,method / way of doing ~ (cf the grammatical 〜方 'way of'),,casual-spoken|polite-spoken|written-modern,none,uncommon,N4,other,,kata,low,OCR 'höhō' = 方法 (lexical noun); see-also 〜方 (-kata); fold into kata per CALIBRATION §2,,B,<-kata>
hō ga ii,hou-ga-ii,〜方がいい,ほうがいい,had better ~ / it's better to ~ (advice; often past form 〜た方がいい),,casual-spoken|polite-spoken|written-modern,none,essential,N4,modality,ta-form,,high,see-also べきだ; 方がいい = advice,,B|I,<bekida>
hō ga yor,hou-ga,〜方が,ほうが,the ~ side / the ~ one (comparison: AよりBの方が〜 'B is more ~ than A'),,casual-spoken|polite-spoken|written-modern,none,common,N4,particle,yori,,low,OCR 'yor' truncated (より); 〜ほうが comparative marker,,B,
ichi to shite 2 nai,ichi-to-shite-nai,一〜として〜ない,いち〜としてない,"not a single ~ (一として〜ない, OCR variant of the 一〜 total-negation family)",,polite-spoken|written-modern,none,uncommon,N1,other,counter,,low,OCR '2' artifact; duplicate of hitoichi-to-shite-nai — fold/merge,missing_only,,[ Counter ]
ichiban,ichiban,一番,いちばん,most / the most ~ (superlative marker: 一番高い),,casual-spoken|polite-spoken|written-modern,none,essential,N5,adverbial,,,med,superlative marker; borderline lexical; see-also をおいて他に(は)ない,,A|B,<o oite hoka ni (wa)~nai>
ichido,ichido,一度,いちど,once; (一度〜たら/と) once you ~ (then...),,casual-spoken|polite-spoken|written-modern,none,common,N4,adverbial,,,med,"see-also 一旦; borderline lexical, grammaticalized in 一度〜たら",,A,<ittan>
ichiō,ichiou,一応,いちおう,for the time being / more or less / just in case,,casual-spoken|polite-spoken|written-modern,none,common,N2,adverbial,,,high,,,A,
igai ni nai,igai-ni-nai,〜以外にない,いがいにない,there is nothing but ~ / no choice but ~,,polite-spoken|written-modern,none,uncommon,N2,modality,,,med,see-also をおいて他に(は)ない,,A,<o oite hoka ni (wa) - nai>
igai to,igai-to,意外と,いがいと,unexpectedly / surprisingly (more than expected),,casual-spoken|polite-spoken|written-modern,none,common,N3,adverbial,,,high,see-also 結構 pins 意外 'surprisingly' (not 以外 'except'),,I,<kekko>
igai wa,igai-wa,〜以外は,いがいは,other than ~ / except ~,,casual-spoken|polite-spoken|written-modern,none,common,N3,particle,,,high,see-also は別として,,A,<wa betsu to shite>
igo,igo,以後,いご,after / from then on / hereafter,,polite-spoken|written-modern,none,common,N3,other,,,med,"see-also 以来; temporal noun, borderline lexical",,A,<irai>
ii,ii,いい,いい,"good / preferable; forms advice & wish patterns (〜といい, 〜ほうがいい)",,casual-spoken|polite-spoken|written-modern,none,common,N4,modality,,,low,bare romaji; see-also ましだ 'preferable'; ambiguous which いい pattern — best-guess preference/advice,,I,<mashida>
ijō (wa),ijou-wa,〜以上(は),いじょうは,"now that / since / as long as ~ (given that X, naturally Y)",,polite-spoken|written-modern,none,common,N2,connective,,,high,see-also からには,,A,<kara ni wa>
ikaga,ikaga,いかが,いかが,how / how about ~? (polite equivalent of どう),,polite-spoken|written-modern,teineigo,common,N4,adverbial,,,high,see-also どう,,B,<dō>
ikan (da),ikan,〜如何(だ),いかん,"how / the state of ~; depending on ~ (formal 如何, often いかんで(は))",,written-modern|literary,none,uncommon,N1,other,,,med,如何 'how/depending on' chosen; separate いかん 'must not' sense not taken,,A,
ikan de,ikan-de,〜いかんで,いかんで,depending on ~ (〜いかんで(は) 'according to the state of ~'),,written-modern|literary,none,uncommon,N1,connective,ikan,,high,see-also に応じて,,A,<ni ōjite/ōjita>
ikanaru,ikanaru,いかなる,いかなる,any / whatever / what kind of ~ (formal/written どんな),,written-modern|literary,none,uncommon,N1,other,,,high,,,A,
ikani,ikani,いかに,いかに,how / however ~ (formal/written どう・どんなに),,written-modern|literary,none,uncommon,N1,adverbial,,,high,,,A,
ikani (koto) ka,ikani-koto-ka,いかに〜(こと)か,いかにことか,how very ~! (formal/literary exclamatory degree),,literary|written-modern,none,rare,N1,modality,ikani,,med,literary exclamatory variant of どんなに〜ことか,missing_only,,<donnani~(koto) ... ka 135>
ikanimo,ikanimo,いかにも,いかにも,indeed / truly / certainly; just like (いかにも〜らしい/そうだ),,casual-spoken|polite-spoken|written-modern,none,uncommon,N2,adverbial,,,high,see-also 見るからに / さも,,A|I,<miru kara ni> ;; <samo>
ikura,ikura,いくら,いくら,(いくら〜ても) no matter how much ~ (also interrogative 'how much'),,casual-spoken|polite-spoken|written-modern,none,common,N4,adverbial,te-mo,,med,grammatical sense いくら〜ても kept; lexical 'how much' is the lookup sense,,B,
ikō,ikou,以降,いこう,after / from ~ onward (temporal),,polite-spoken|written-modern,none,common,N3,other,,,med,"see-also 以来; temporal noun, borderline lexical",,A,<irai>
imasara,imasara,今更,いまさら,now (of all times) / at this late stage (今更〜ても無駄),,casual-spoken|polite-spoken|written-modern,none,uncommon,N2,adverbial,,,high,,,A,
ippanni,ippanni,一般に,いっぱんに,generally / in general,,polite-spoken|written-modern,none,common,N3,adverbial,,,high,see-also およそ,,A,<oyoso>
ippo (da),ippou-da,〜一方だ,いっぽうだ,keeps getting more and more ~ / only increases (one-way trend),,polite-spoken|written-modern,none,common,N3,aspect,,,med,"macron dropped (ippo=ippō); 〜一方だ continuous-trend, distinct from 一方で",,A,
ippō (de),ippou-de,〜一方(で),いっぽうで,on one hand / while / meanwhile (contrast or simultaneity),,polite-spoken|written-modern,none,common,N2,connective,,,high,,,A,
ippō de (wa)~tahō de (wa)~,ippou-de-wa-tahou-de-wa,一方では〜他方では〜,いっぽうでは〜たほうでは〜,"on one hand ~, on the other hand ~ (correlative contrast)",,polite-spoken|written-modern,none,uncommon,N2,connective,ippou-de,,med,correlative form of 一方で,,I,
irai,irai,〜以来,いらい,since / ever since ~ (〜て以来),,polite-spoken|written-modern,none,common,N3,particle,,,high,,,A|I,<-rai>
issai nai,issai-nai,一切〜ない,いっさいない,not at all / not in the least ~ (total negation),,casual-spoken|polite-spoken|written-modern,none,common,N2,adverbial,,,high,,,A,
issō,issou,一層,いっそう,even more / all the more ~,,polite-spoken|written-modern,none,common,N2,adverbial,,,high,see-also なお/なおさら/さらに,,A,<nao> ;; <naosara> ;; <sara ni>
itadaku,itadaku,いただく,いただく,receive (humble); 〜ていただく = have someone do ~ for me (humble benefactive),,polite-spoken|written-modern,kenjougo,essential,N4,auxiliary,te-form|morau,,high,see-also もらう; humble counterpart,,B,<morau '>
ite,ite,〜ていて,ていて,て-form of いる joining clauses ('is ~ing and...'; written 〜ており),,casual-spoken|polite-spoken|written-modern,none,common,N4,aspect,te-iru,te-iru,low,see-also おり; reconstructed as continuative of ている — verify vs literary おる,,I,<ori>
itsu (de) mo,itsu-de-mo,いつ(で)も,いつでも,always / any time / whenever,,casual-spoken|polite-spoken|written-modern,none,common,N4,adverbial,,,high,see-also たびに,,I,<tabi ni>
itsumo wa~nai,itsumo-wa-nai,いつもは〜ない,いつもはない,not always / not usually ~ (partial negation),,casual-spoken|polite-spoken|written-modern,none,uncommon,N2,adverbial,,,med,see-also 必ずしも; partial negation,,I,<kanarazushimo>
ittan,ittan,一旦,いったん,once / temporarily; once (一旦〜たら/と 'once you do ~'),,polite-spoken|written-modern,none,uncommon,N2,adverbial,,,high,,,A,
itte mireba,itte-mireba,言ってみれば,いってみれば,so to speak / as it were,,casual-spoken|polite-spoken|written-modern,none,uncommon,N2,connective,,,high,,,A,
iwaba,iwaba,言わば,いわば,so to speak / as it were / one might say,,polite-spoken|written-modern,none,uncommon,N2,adverbial,,,high,see-also 言ってみれば,,A,<itte mireba>
iwan'ya,iwanya,況や,いわんや,let alone / much less / to say nothing of ~ (literary),,literary|archaic,none,rare,N1,connective,,,med,see-also まして(や); literary,,A,<mashite (ya)>
iwayuru,iwayuru,いわゆる,いわゆる,so-called / what is known as ~,,casual-spoken|polite-spoken|written-modern,none,common,N2,other,,,high,pre-noun adjectival (連体詞),,A,
izen (to shite),izen-to-shite,依然(として),いぜんとして,still / as ever / as before (unchanged),,polite-spoken|written-modern,none,uncommon,N2,adverbial,,,high,see-also なお,,A,<nao>
jau,jau,〜じゃう,じゃう,casual contraction of 〜でしまう (completion / regret): 読んじゃう,,casual-spoken,none,common,N4,aspect,shimau|te-form,shimau,high,voiced contraction じゃう ← でしまう,,B,<shimau>
jimau,jimau,〜じまう,じまう,rough/colloquial variant of 〜でしまう: 飲んじまう,,casual-spoken,none,uncommon,N3,aspect,shimau|te-form,shimau,med,rough colloquial variant of でしまう,,B,<shimau>
jishin,jishin,〜自身,じしん,"oneself / itself (reflexive emphasis: 私自身, それ自身)",,casual-spoken|polite-spoken|written-modern,none,common,N3,other,,,med,see-also 自体/そのもの; reflexive-emphatic suffix,,A,<-jitai> ;; <sono mono>
jitai,jitai,〜自体,じたい,itself / in itself (それ自体 'the thing itself'),,casual-spoken|polite-spoken|written-modern,none,common,N2,other,,,med,see-also そのもの,,A,<sono mono>
jitsuni,jitsuni,実に,じつに,truly / really / indeed (intensifier),,polite-spoken|written-modern,none,common,N2,adverbial,,,high,see-also この上ない,,A,<kono ue nai>
ju made mo nai,ju-made-mo-nai,言うまでもない,いうまでもない,needless to say / it goes without saying,,polite-spoken|written-modern,none,common,N2,connective,,,med,OCR 'ju' = iu (言う); 言うまでもない,,A,
jō,jou,〜上,じょう,"from the standpoint of / in terms of ~ (法律上, 仕事上)",,polite-spoken|written-modern,none,common,N2,other,,,med,bare romaji; 〜上 'in terms of' suffix,,I,
jō wa,jou-wa,〜上は,じょうは,in terms of / as far as ~ goes (〜上は / 上では),,polite-spoken|written-modern,none,uncommon,N2,connective,jou,,low,see-also の上では; ambiguous between 'in terms of' and formal 'now that ~' — chose former,,I,<no ue de wa>
ka (dō ka),ka-dou-ka,〜かどうか,かどうか,whether (or not) ~ (embedded question),,casual-spoken|polite-spoken|written-modern,none,essential,N4,particle,,,high,,,B,
ka de,ka-de,〜下で,かで,under (the conditions / auspices of) ~ (状況下で),,written-modern,none,uncommon,N1,particle,,,low,see-also の下で; read 〜下で 'under (conditions)' — reading か uncertain,,I,<no moto de>
ka ina ka,ka-ina-ka,〜か否か,かいなか,whether or not ~ (formal/written),,written-modern|literary,none,uncommon,N1,particle,ka-dou-ka,,high,formal equivalent of かどうか,,A,
ka ne,ka-ne,〜かね,かね,sentence-final 'I wonder / right?' (masculine/older か+ね),,casual-spoken,none,uncommon,N3,particle,,,med,see-also ね; final-particle compound,,B,<ne>
ka no gotoku,ka-no-gotoku,〜かのごとく,かのごとく,as if / as though ~ (literary),,literary|written-modern,none,rare,N1,modality,gotoshi|ka-no-youni,,high,literary equivalent of かのように,,A,<ka no yōni>
ka no yōni,ka-no-youni,〜かのように,かのように,as if / as though ~ (simile),,casual-spoken|polite-spoken|written-modern,none,common,N2,modality,*youni,,high,see-also ごとし,,A,<gotoshi>
ka to itte,ka-to-itte,かといって,かといって,that said / but then again / even so (concessive),,casual-spoken|polite-spoken|written-modern,none,common,N2,connective,,,med,see-also といって; related to からといって,,A,<to itte>
ka to iu to,ka-to-iu-to,〜かというと,かというと,as for whether ~ / when it comes to ~ (often …ない),,casual-spoken|polite-spoken|written-modern,none,common,N2,connective,,,high,,,I,
ka to omoeba,ka-to-omoeba,〜かと思えば,かとおもえば,just when one thought ~ / no sooner... than (variant of かと思うと),,casual-spoken|polite-spoken|written-modern,none,uncommon,N2,connective,ka-to-omou-to,,high,see-also かと思うと,,A,<ka to omou to>
ka to omottara,ka-to-omottara,〜かと思ったら,かとおもったら,just when one thought ~ / no sooner... than (variant of かと思うと),,casual-spoken|polite-spoken|written-modern,none,uncommon,N2,connective,ka-to-omou-to,ka-to-omou-to,high,see-also かと思うと; たら-variant,,A,<ka to omou to>
ka to omou to,ka-to-omou-to,〜かと思うと,かとおもうと,just when ~ / no sooner... than; at the thought that ~,,casual-spoken|polite-spoken|written-modern,none,common,N2,connective,,,high,head of かと思えば/かと思ったら variants,,A,
kaette,kaette,かえって,かえって,on the contrary / rather / instead (contrary to expectation),,casual-spoken|polite-spoken|written-modern,none,common,N2,adverbial,,,high,see-also 逆に / むしろ,,A|I,<gyaku ni> ;; <mushiro>
kagiri (wa),kagiri-wa,〜限り(は),かぎりは,as long as / so far as ~ (〜ない限り 'unless'),,casual-spoken|polite-spoken|written-modern,none,common,N2,connective,,,high,see-also 以上(は),,I,<ijo (wa)>
kagiri da,kagiri-da,〜限りだ,かぎりだ,extremely ~ / couldn't be more ~ (嬉しい限りだ),,polite-spoken|written-modern,none,uncommon,N1,modality,,,high,see-also この上ない; emphatic degree,,A,<kono ue nai>
kai,kai,〜かい,かい,casual sentence-final question particle (行くかい?),,casual-spoken,none,uncommon,N4,particle,,,high,,,B,
kai/gai,kai-gai,〜甲斐,がい,"worth doing / the rewarding value of ~ (やりがい, 生きがい)",,casual-spoken|polite-spoken|written-modern,none,common,N2,other,masu-stem,,med,"甲斐 'worth', read がい as suffix (kai/gai homograph)",,A,
kakete wa ni kakete wa,ni-kakete-wa,〜にかけては,にかけては,when it comes to ~ / as for ~ (one's strong point),,casual-spoken|polite-spoken|written-modern,none,uncommon,N2,connective,,,low,OCR repetition garble; reconstructed 〜にかけては,missing_only,,
kamoshirenai,kamoshirenai,〜かもしれない,かもしれない,might / maybe / perhaps ~,,casual-spoken|polite-spoken|written-modern,none,essential,N4,modality,,,high,see-also おそれがある,,A,<osore ga aru>
kan,kan,〜間,かん,"interval / for a period of ~ (三日間, 二人の間)",,casual-spoken|polite-spoken|written-modern,none,common,N4,other,,,med,missing ref; 〜間 duration/interval suffix,missing_only,,<-rai>
kana,kana,〜かな,かな,sentence-final 'I wonder / I hope ~' (casual),,casual-spoken,none,common,N4,particle,,,high,,missing_only,,
kanarazu,kanarazu,必ず,かならず,without fail / certainly / always,,casual-spoken|polite-spoken|written-modern,none,common,N4,adverbial,,,high,see-also ずにはおかない,,A,<zu ni wa okanai>
kanarazushimo,kanarazushimo,必ずしも〜ない,かならずしも,not necessarily / not always ~ (partial negation),,casual-spoken|polite-spoken|written-modern,none,common,N2,adverbial,,,high,,,I,
kanari,kanari,かなり,かなり,quite / considerably / fairly (degree),,casual-spoken|polite-spoken|written-modern,none,common,N3,adverbial,,,med,borderline lexical degree adverb; kept per CALIBRATION §2,,I,<nakanaka>
kaneru,kaneru,〜かねる,かねる,cannot / be unable to ~ (politely decline; find hard to: 分かりかねる),,polite-spoken|written-modern,none,common,N2,modality,masu-stem,,high,,,I,
kangaeru ni,kangaeru-ni,考えるに,かんがえるに,considering ~ / when one thinks about it (formal),,written-modern|literary,none,rare,N1,connective,,,med,see-also 思うに; formal/literary,,A,<omou ni>
kanā,kanaa,かなあ,かなあ,sentence-final drawn-out 'I wonder ~' (casual),,casual-spoken,none,common,N4,particle,kana,kana,high,see-also かしら; lengthened variant of かな,,B,<kashira>
kanōsei ga aru,kanousei-ga-aru,〜可能性がある,かのうせいがある,there is a possibility that ~,,casual-spoken|polite-spoken|written-modern,none,common,N3,modality,,,high,see-also おそれがある,,A,<osore ga aru>
kara da,kara-da,〜からだ,からだ,it is because ~ (sentence-final reason),,casual-spoken|polite-spoken|written-modern,none,common,N3,connective,kara,,high,see-also ことによる,,I,<koto ni yoru>
kara itte,kara-itte,〜から言って,からいって,judging from / from the standpoint of ~,,polite-spoken|written-modern,none,uncommon,N2,connective,kara,,high,see-also からして,,A,<kara shite>
kara koso,kara-koso,〜からこそ,からこそ,precisely because ~ (emphatic reason),,casual-spoken|polite-spoken|written-modern,none,common,N2,connective,kara,,high,see-also ばこそ,,A,<ba koso>
kara made,kara-made,〜から〜まで,からまで,"from ~ to ~ (spanning a whole range, time or space)",,casual-spoken|polite-spoken|written-modern,none,essential,N5,particle,,,high,see-also から〜に至るまで,,I,<- kara - ni itaru made>
kara mite,kara-mite,〜から見て,からみて,judging from / from the perspective of ~,,casual-spoken|polite-spoken|written-modern,none,common,N2,connective,kara,,high,see-also からして,,A,<kara shite>
kara naru,kara-naru,〜からなる,からなる,consist of / be composed of ~,,written-modern,none,uncommon,N2,particle,kara,,high,,,A,
kara ne,kara-ne,〜からね,からね,"because ~, you know (sentence-final reason + ね)",,casual-spoken|polite-spoken,none,common,N4,connective,kara,kara,med,see-also ね; から + final ね,,B,<ne>
kara ni itaru made,kara-ni-itaru-made,〜から〜に至るまで,からにいたるまで,from ~ all the way to ~ (emphatic full range),,polite-spoken|written-modern,none,uncommon,N1,particle,kara-made,,high,,,I,
kara ni wa,kara-ni-wa,〜からには,からには,"now that / since / as long as ~ (given that, naturally...)",,casual-spoken|polite-spoken|written-modern,none,common,N2,connective,kara,,high,see-also 以上(は),,A|I,<ijō (wa)>
kara shite,kara-shite,〜からして,からして,judging from ~; even (starting with) ~ (〜からして違う),"[{""label"":""basis"",""canonical"":""〜からして"",""meaning"":""judging from / on the basis of""},{""label"":""emphasis"",""canonical"":""〜からして"",""meaning"":""even / starting with (representative example)""}]",casual-spoken|polite-spoken|written-modern,none,common,N2,connective,kara,,med,two senses (basis vs 'even'); see-also にしてからが,,A,<ni shite kara ga>
kara to itte,kara-to-itte,〜からといって,からといって,just because ~ (doesn't mean / it doesn't follow that),,casual-spoken|polite-spoken|written-modern,none,common,N2,connective,kara,,high,,,I,
kara- ni kakete,kara-ni-kakete,〜から〜にかけて,からにかけて,from ~ through ~ / over the range of (time or space),,casual-spoken|polite-spoken|written-modern,none,common,N2,particle,,,high,,,I,
kari ni,kari-ni,仮に,かりに,supposing / hypothetically / for argument's sake (仮に〜としても),,casual-spoken|polite-spoken|written-modern,none,uncommon,N2,adverbial,,,high,,,A,
karō,karou,〜かろう,かろう,"probably ~ (presumptive of い-adjectives: よかろう, なかろう)",,literary|written-modern,none,rare,N1,modality,,,med,literary presumptive 〜かろう (い-adj + う),,I,
karōjite,karoujite,辛うじて,かろうじて,barely / narrowly / only just,,polite-spoken|written-modern,none,uncommon,N1,adverbial,,,high,see-also やっと,,I,<yatto>
kashira,kashira,かしら,かしら,sentence-final 'I wonder ~' (feminine/soft),,casual-spoken,none,common,N4,particle,,,high,see-also やら,,A|B,<yara>
kata,kata,〜方,かた,"way / manner of doing ~ (作り方 'how to make', 食べ方 'way of eating')",,casual-spoken|polite-spoken|written-modern,none,essential,N4,nominalizer,masu-stem,,high,,,B|I,<-yo '>
kata o suru,kata-o-suru,〜方をする,かたをする,do/behave in a ~ way (変な言い方をする),,casual-spoken|polite-spoken|written-modern,none,uncommon,N2,nominalizer,kata,kata,med,compositional 〜方 + をする; fold into kata,,I,
katawara,katawara,〜傍ら,かたわら,"while / at the same time as ~ (doing X, also does Y)",,written-modern|literary,none,rare,N1,connective,,,high,see-also 一方(で),,A,<ippō (de)>
katsu,katsu,かつ,かつ,and / moreover / as well as (formal conjunction),,written-modern,none,uncommon,N1,connective,,,high,,,A,
kawari ni,kawari-ni,〜代わりに,かわりに,instead of ~ / in exchange for ~,"[{""label"":""substitution"",""canonical"":""〜代わりに"",""meaning"":""instead of / in place of ~""},{""label"":""compensation"",""canonical"":""〜代わりに"",""meaning"":""in exchange / to make up for ~""}]",casual-spoken|polite-spoken|written-modern,none,common,N3,connective,,,high,see-also にひきかえ / に代わって,missing_only,A|B,<ni hikikae> ;; <ni kawatte>
kedo,kedo,けど,けど,but / though / however (casual),,casual-spoken,none,essential,N5,connective,,,high,see-also けれども; casual end of the けど〜けれども ladder,,I,<keredomo>
keikō ga aru,keikou-ga-aru,〜傾向がある,けいこうがある,there is a tendency to ~ / be inclined to ~,,polite-spoken|written-modern,none,common,N2,modality,,,high,see-also きらいがある,,A,<kirai ga aru>
kekka,kekka,〜結果,けっか,as a result of ~ (〜た結果),,polite-spoken|written-modern,none,common,N2,connective,,,high,see-also あげく(に),,A,<ageku (ni)>
kekkyoku,kekkyoku,結局,けっきょく,in the end / after all / ultimately,,casual-spoken|polite-spoken|written-modern,none,common,N3,adverbial,,,high,see-also つまり / やはり,,B|I,<tsumari> ;; <yahari>
kekkō,kekkou,結構,けっこう,quite / fairly (degree); also 'fine / no thank you',,casual-spoken|polite-spoken|written-modern,none,common,N3,adverbial,,,med,borderline lexical; degree adverb sense kept per §2,,A|I,<nakanaka>
keredo,keredo,けれど,けれど,but / however / although (neutral),,casual-spoken|polite-spoken|written-modern,none,common,N4,connective,,,high,see-also けれども; mid of けど<けれど<けれども ladder,,B,<keredomo>
keredo (mo),keredo-mo,けれど(も),けれども,but / however / although (duplicate of けれど/けれども),,casual-spoken|polite-spoken|written-modern,none,common,N5,connective,keredo,keredo,low,duplicate row of けれど/けれども — merge in reconciliation,missing_only,A|I,<(no) kawari ni> ;; <daga> ;; <nagara (mo)> ;; <ni mo kakawarazu> ;; <sō ka to itte> ;; <tokoro ga>
keredomo,keredomo,けれども,けれども,but / however / although (more formal than けれど),,polite-spoken|written-modern,none,common,N5,connective,keredo,keredo,med,formal end of けど<けれど<けれども ladder; fold into keredo,,A|B,<mono no> ;; <to itte>
kesshite,kesshite,決して〜ない,けっして,never / by no means / on no account (with negative),,casual-spoken|polite-spoken|written-modern,none,common,N3,adverbial,,,high,see-also あまり,,B,<amari>
kikensei ga aru,kikensei-ga-aru,〜危険性がある,きけんせいがある,there is a danger / risk that ~,,polite-spoken|written-modern,none,common,N2,modality,,,high,see-also おそれがある,,A,<osore ga aru>
kikeru,kikeru,聞ける,きける,can hear / can ask (potential of 聞く); contrast spontaneous 聞こえる,,casual-spoken|polite-spoken|written-modern,none,uncommon,N4,modality,,,low,borderline lexical (potential of 聞く); kept to contrast 聞ける vs 聞こえる,,B,<kikoeru>
kikoeru,kikoeru,聞こえる,きこえる,be audible / can be heard (spontaneous); contrast potential 聞ける,,casual-spoken|polite-spoken|written-modern,none,common,N4,modality,,,med,spontaneous-potential 聞こえる (vs deliberate 聞ける); borderline lexical,,B,
kimatte iruni kimatte iru,ni-kimatte-iru,〜に決まっている,にきまっている,must be / surely / it's bound to be ~ (speaker's certainty),,casual-spoken|polite-spoken|written-modern,none,common,N2,modality,,,low,OCR repetition garble; reconstructed 〜に決まっている,missing_only,,
kinshi,kinshi,〜禁止,きんし,prohibition of ~ / no ~ing (立入禁止),,polite-spoken|written-modern,none,uncommon,N2,other,,,low,see-also べからず; 禁止 is lexical but groups with prohibition grammar,,A,<bekarazu/bekarazaru>
kirai ga aru,kirai-ga-aru,〜きらいがある,きらいがある,tend to ~ / have a (bad) tendency to ~,,polite-spoken|written-modern,none,uncommon,N1,modality,,,high,see-also target for がち/傾向がある,,A,
kiraida,kiraida,嫌いだ,きらいだ,dislike / hate (na-adjective),,casual-spoken|polite-spoken|written-modern,none,rare,none,other,,,low,"lexical adjective 嫌いだ 'dislike', not grammar; candidate to drop per CALIBRATION §2",,B,
kitto,kitto,きっと,きっと,adverb of speaker certainty: surely; certainly; without doubt,,casual-spoken|polite-spoken|written-modern,none,common,N4,adverbial,,,high,,,A,<sazo (kashi)>
kiwamari nai,kiwamari-nai,極まりない,きわまりない,suffix on an adjective: extremely ~; nothing could be more ~,,written-modern|literary,none,rare,N1,adverbial,,,high,,,A,<kono ue nai>
kiwamete,kiwamete,極めて,きわめて,formal adverb: extremely; exceedingly,,polite-spoken|written-modern,none,uncommon,N1,adverbial,,,high,,,A,<kono ue nai>
kke,kke,っけ,っけ,sentence-final particle recalling or reconfirming something half-remembered: was it ~? / now what was ~,,casual-spoken,none,common,N3,particle,,,high,,,A,
konna,konna,こんな,こんな,adnominal demonstrative: this kind of; such (near speaker),,casual-spoken|polite-spoken|written-modern,none,essential,N4,other,,,high,,,A,<kō shita>
kono,kono,この,この,adnominal demonstrative: this ~ (modifies a following noun),,casual-spoken|polite-spoken|written-modern,none,essential,N5,other,,,high,,,I,
kono ue nai,kono-ue-nai,この上ない,このうえない,the utmost; nothing could surpass this; supreme,,written-modern|literary,none,rare,N1,modality,,,high,,,A,
kono yōna,kono-youna,このような,このような,such; this kind of (formal equivalent of こんな),,polite-spoken|written-modern,none,common,N4,other,kono,,high,,,I,<kō shita>
koso,koso,こそ,こそ,emphatic particle singling out the preceding element: precisely; exactly; it is ~ that,,casual-spoken|polite-spoken|written-modern,none,common,N3,particle,,,high,,,I,
koto,koto,こと,こと,nominalizer turning a clause into a noun; also clause-final ことだ giving a rule/instruction (should ~),"[{""label"":""nominalizer"",""canonical"":""〜こと"",""meaning"":""makes a preceding clause into a noun phrase""},{""label"":""directive"",""canonical"":""〜こと"",""meaning"":""clause-final rule or instruction: one should ~""}]",casual-spoken|polite-spoken|written-modern,none,essential,N4,nominalizer,,,high,,,B|I,""" thing "" ;; <Imperative> ;; <to iu koto wa> ;; [ nominalizer ]"
koto de,koto-de,ことで,ことで,by ~ing; through the fact of ~ (means leading to a result),,polite-spoken|written-modern,none,common,N3,connective,koto,,med,missing source ref (missing_only); reconstructed 〜ことで means/cause,missing_only,,
koto ga dekiru,koto-ga-dekiru,ことができる,ことができる,potential construction: can ~; be able to ~,,casual-spoken|polite-spoken|written-modern,none,essential,N4,modality,koto,,high,,,A|B|I,<uru/eru> ;; <wake ni wa ikanai>
koto ka,koto-ka,ことか,ことか,exclamatory: how ~! / how very ~ (often with なんと/どんなに),,polite-spoken|written-modern,none,uncommon,N2,modality,koto,,high,,,A,
koto kara,koto-kara,ことから,ことから,from the fact that ~; because of ~ (basis for a judgment),,polite-spoken|written-modern,none,common,N3,connective,koto,,high,,,A,<tokoro kara>
koto ni,koto-ni,ことに,ことに,"to one's ~ (emotion): much to my surprise/joy, ~ (嬉しいことに)",,polite-spoken|written-modern,none,uncommon,N2,adverbial,koto,,high,,,A,<kana>
koto ni kimeru,koto-ni-kimeru,ことに決める,ことにきめる,decide to ~ (a one-time personal decision),,casual-spoken|polite-spoken|written-modern,none,common,N4,modality,koto|koto-ni-suru,,high,,,B,<koto ni suru>
"koto ni naru B ,",koto-ni-naru,ことになる,ことになる,it comes to be that ~; it is decided/arranged that ~ (outcome not of one's own choosing),,casual-spoken|polite-spoken|written-modern,none,common,N4,modality,koto,,high,"stripped stray OCR tail 'B ,' from term",,I,
koto ni natte iru,koto-ni-natte-iru,ことになっている,ことになっている,it is the rule/arrangement that ~; it has been established that ~,,casual-spoken|polite-spoken|written-modern,none,common,N3,modality,koto-ni-naru,,high,,,B,<koto ni naru>
koto ni shite iru,koto-ni-shite-iru,ことにしている,ことにしている,make a habit/policy of ~ing; have made it a rule to ~,,casual-spoken|polite-spoken|written-modern,none,common,N3,aspect,koto-ni-suru,,high,,,B,<koto ni suru>
koto ni suru,koto-ni-suru,ことにする,ことにする,decide to ~ (speaker's own volitional decision),,casual-spoken|polite-spoken|written-modern,none,common,N4,modality,koto,,high,,,B,
koto ni yori/yotte,koto-ni-yori-yotte,ことにより/によって,ことにより／によって,by means of ~ing; due to the fact that ~ (formal cause/means),,polite-spoken|written-modern,none,common,N3,connective,koto|koto-de,,high,,,I,<koto de>
koto ni yoru,koto-ni-yoru,ことによる,ことによる,"to be due to ~; to depend on ~ (ことによると = depending on circumstances, perhaps)",,polite-spoken|written-modern,none,uncommon,N2,connective,koto,,med,near ことによって; this row is the 〜ことによる/によると 'depend on / according to' sense,,I,
koto wa,koto-wa,ことは,ことは,"〜ことは〜が: admittedly ~, but ~ (concedes a point before qualifying it)",,casual-spoken|polite-spoken|written-modern,none,common,N3,connective,koto,,high,,,B|I,""" indeed - but "" ;; <-nai koto mo/wa nai> ;; <wa>"
koto wa nai,koto-wa-nai,ことはない,ことはない,there is no need to ~; it never happens that ~,,casual-spoken|polite-spoken|written-modern,none,common,N3,modality,koto,,high,,,I,
ku,ku,〜く,く,"classical nominalizing/adverbial 〜く (e.g. 曰く, 願わくは); also the 連用形 adverbial ending of i-adjectives",,literary|archaic,none,rare,N1,other,,,low,bare romaji 'ku' (vol A); reconstructed as classical 〜く (曰く/願わくは) but could be i-adjective 連用形 く — ambiguous,,A,
kudasai,kudasai,ください,ください,honorific request: please give / please do ~ (てください),,polite-spoken|written-modern,sonkeigo,essential,N5,auxiliary,te-form|kudasaru,,high,,,B|I,<o~kudasai>
kudasaru,kudasaru,くださる,くださる,honorific of くれる: (a superior) gives to me/us; does ~ for me (てくださる),,polite-spoken|written-modern,sonkeigo,common,N4,honorific,,,high,honorific of くれる; てくださる is a separate auxiliary use,,B,<kudasai> ;; <kureru '> ;; <kureru>
kun,kun,君,くん,"familiar address suffix attached to names, typically for peers or juniors (often male)",,casual-spoken|polite-spoken,none,common,N4,other,,,high,,,B,
"kurai B ,",kurai,くらい,くらい,"approximately; about; to the extent that ~ (degree/extent particle, also ぐらい)",,casual-spoken|polite-spoken|written-modern,none,common,N3,particle,,,high,"stripped stray OCR tail 'B ,' from term",,I,
kuse ni,kuse-ni,くせに,くせに,even though; despite ~ (with reproach or contempt),,casual-spoken|written-modern,none,common,N3,connective,,,high,,,I,
kute,kute,〜くて,くて,te-form of an i-adjective: is ~ and; because ~,,casual-spoken|polite-spoken|written-modern,none,essential,N5,connective,,,high,,,I,<-ku>
kuwaete,kuwaete,加えて,くわえて,in addition; moreover; on top of that (formal connector),,written-modern|polite-spoken,none,uncommon,N1,connective,,,high,,,A,<katsu>
kō itta,kou-itta,こういった,こういった,"such; this kind of (≈ こういう, slightly more colloquial past form)",,casual-spoken|polite-spoken|written-modern,none,common,N3,other,kou-shita,,high,,,A,<kō shita>
kō iu,kou-iu,こういう,こういう,such; this kind of (modifies a noun),,casual-spoken|polite-spoken|written-modern,none,common,N4,other,,,high,,,I,<kō shita>
kō shita,kou-shita,こうした,こうした,"such; this kind of (formal, written-leaning equivalent of こういう)",,polite-spoken|written-modern,none,common,N3,other,,,high,,,I,
machigai naku,machigai-naku,間違いなく,まちがいなく,without doubt; certainly; for sure,,casual-spoken|polite-spoken|written-modern,none,common,N2,adverbial,,,high,,,A,<zu ni wa okanai>
mada,mada,まだ,まだ,still; yet; (with negative) not yet,,casual-spoken|polite-spoken|written-modern,none,essential,N5,adverbial,,,high,,,A|B,<nao>
made,made,まで,まで,until; as far as; up to; (emphatic) even,"[{""label"":""limit"",""canonical"":""〜まで"",""meaning"":""until / as far as (temporal or spatial endpoint)""},{""label"":""even"",""canonical"":""〜まで"",""meaning"":""even ~ (extreme example)""}]",casual-spoken|polite-spoken|written-modern,none,essential,N5,particle,,,high,,,B|I,<sae>
made (no koto) da,made-no-koto-da,〜までだ／までのことだ,までだ／までのことだ,it's simply a matter of ~; all one can/will do is ~,,polite-spoken|written-modern,none,uncommon,N1,modality,made,,high,,,A,
made de,made-de,までで,までで,"up through (a point), and that is the cutoff; as of ~",,casual-spoken|polite-spoken|written-modern,none,uncommon,N3,particle,made,,med,〜までで boundary/cutoff sense; distinguish from までに deadline,,B,<made ni>
made mo nai,made-mo-nai,までもない,までもない,there is no need to even ~; it goes without saying that ~,,polite-spoken|written-modern,none,common,N1,modality,made,,high,,,I,
made ni,made-ni,までに,までに,by (a deadline); before ~ happens,,casual-spoken|polite-spoken|written-modern,none,essential,N4,particle,made,,high,,,B,
mae,mae,前,まえ,before; in front of; prior to (〜の前/〜前 temporal-spatial reference),,casual-spoken|polite-spoken|written-modern,none,common,N5,other,,,med,前 is partly lexical; grammatical use is 〜（の）前 'before'. see-also <-bun> suggests possible 〜前 'portion/share' suffix sense,,I,<-bun>
mae kara,mae-kara,前から,まえから,from before; since some earlier time,,casual-spoken|polite-spoken|written-modern,none,common,N4,particle,mae,,high,,,I,<-rai>
mae ni,mae-ni,前に,まえに,before ~ing; prior to (an action),,casual-spoken|polite-spoken|written-modern,none,essential,N5,connective,mae,,high,,,B,<ni atatte/atari>
mai,mai,まい,まい,negative conjecture/volition: probably will not ~; will not (refuse to) ~,,written-modern|literary,none,uncommon,N2,modality,,,med,missing source ref (missing_only); 〜まい negative conjecture/volition reconstructed from see-also であろう,missing_only,B|I,<de arō>
mama,mama,まま,まま,as it is; unchanged; (doing/being) ~ and leaving it that way,,casual-spoken|polite-spoken|written-modern,none,common,N4,other,,,high,,,A|B|I,<(k) kiri> ;; <-ppanashi>
mama (de),mama-de,ままで,ままで,in the state of ~; while remaining ~,,casual-spoken|polite-spoken|written-modern,none,common,N4,other,mama,,high,,,A,<ta nari (de)>
mamire,mamire,まみれ,まみれ,"covered/smeared all over with ~ (blood, sweat, dust)",,casual-spoken|written-modern,none,uncommon,N1,other,,,high,,,I,<-darake>
marude,marude,まるで,まるで,just like (paired with ようだ); (with negative) not at all; completely,,casual-spoken|polite-spoken|written-modern,none,common,N3,adverbial,,,high,,,A,<atakamo> ;; <oyoso> ;; <samo>
masaka,masaka,まさか,まさか,surely not; no way; don't tell me ~ (expresses disbelief),,casual-spoken|polite-spoken|written-modern,none,common,N3,adverbial,,,high,,,B,<yahari>
mashida,mashida,ましだ,ましだ,"is preferable; better than (the lesser of two undesirable options), as in 〜ほうがましだ",,casual-spoken|polite-spoken|written-modern,none,uncommon,N2,modality,,,med,missing source ref (missing_only); reconstructed まし(だ) 'preferable / lesser evil',missing_only,,
mashite (ya),mashite-ya,まして（や）,まして（や）,let alone; much less; still more so (a fortiori),,written-modern|literary,none,uncommon,N1,connective,,,high,,,A,
mashō,mashou,ましょう,ましょう,polite volitional: let's ~; shall I/we ~,,polite-spoken,teineigo,essential,N5,modality,masu-stem,,high,,,B,
masumasu,masumasu,ますます,ますます,increasingly; more and more,,casual-spoken|polite-spoken|written-modern,none,common,N2,adverbial,,,high,,,A,<ippo (da)>
mata,mata,また,また,again; also; and; moreover (additive connector),,casual-spoken|polite-spoken|written-modern,none,essential,N5,connective,,,high,,,A,<katsu>
mata wa,mata-wa,または,または,or; alternatively (connects nouns/clauses as exclusive options),,polite-spoken|written-modern,none,common,N3,connective,,,high,,,A|I,<aruiwa> ;; <moshikuwa> ;; <naishi (wa)>
mattaku,mattaku,全く,まったく,completely; utterly; (with negative) not at all,,casual-spoken|polite-spoken|written-modern,none,common,N3,adverbial,,,high,,,A,<oyoso>
mattaku nai,mattaku-nai,全く〜ない,まったくない,not at all; not in the least (total negation),,casual-spoken|polite-spoken|written-modern,none,common,N3,adverbial,mattaku,,high,,,A,<issai - nai> ;; <metta ni~nai> ;; <nani- nai> ;; <nanra- nai> ;; <totemo - nai>
me,me,〜目,め,ordinal suffix 〜目 (三番目 'the third'); also 〜め 'slightly ~' (多め),,casual-spoken|polite-spoken|written-modern,none,common,N4,other,,,med,two suffix senses: 〜目 ordinal vs 〜め 'somewhat'; row gives no gloss to disambiguate,,I,
megutte/meguru,megutte-meguru,〜をめぐって／めぐる,をめぐって／めぐる,concerning; over; surrounding (an issue or dispute),,written-modern|polite-spoken,none,common,N2,connective,,,med,missing source ref (missing_only); 〜をめぐって/めぐる reconstructed,missing_only,,
meimei,meimei,銘々,めいめい,each; every one; respectively,,polite-spoken|written-modern,none,uncommon,N1,adverbial,,,high,,,I,<sorezore>
men,men,〜面,めん,in terms of ~; from the aspect/side of ~ (〜面で),,polite-spoken|written-modern,none,common,N3,other,,,high,,,I,<ten (de)>
metta ni,metta-ni,めったに,めったに,rarely; seldom (almost always paired with a negative),,casual-spoken|polite-spoken|written-modern,none,common,N3,adverbial,,,high,,,B,<amari>
metta ni- na,metta-ni-nai,めったに〜ない,めったにない,seldom ~; hardly ever ~ (negative pairing of めったに),,casual-spoken|polite-spoken|written-modern,none,uncommon,N3,adverbial,metta-ni,,low,OCR fragment 'metta ni- na'; reconstructed めったに〜ない; possible dup of metta-ni,,A,
mi,mi,〜み,み,"nominalizing suffix forming a noun of quality/state from an adjective (重み, 楽しみ)",,casual-spoken|polite-spoken|written-modern,none,common,N3,nominalizer,,,high,contrast with 〜さ (see-also <-sa>),,B,<-sa>
mieru,mieru,見える,みえる,be visible; (〜に/ように見える) appear; seem,,casual-spoken|polite-spoken|written-modern,none,common,N4,other,,,med,partly lexical 見える 'be visible'; grammatical use is 〜に/ように見える 'seem',,B,
minna wa- nai,minna-wa-nai,みんな〜ない,みんなはない,not everyone/everything ~ (partial negation),,casual-spoken|polite-spoken|written-modern,none,uncommon,N2,adverbial,,,low,OCR fragment 'minna wa- nai'; partial-negation reconstructed (see-also 必ずしも); may relate to 〜とは限らない,,I,<kanarazushimo>
mirareru,mirareru,見られる,みられる,can see / be seen (potential-passive of 見る); 〜と見られる: be regarded as,,casual-spoken|polite-spoken|written-modern,none,common,N4,passive,,,med,potential/passive of 見る; also 〜と見られる 'be regarded as' (formal),,B,<mieru>
miru,te-miru,〜てみる,てみる,try ~ing; do ~ and see (what happens),,casual-spoken|polite-spoken|written-modern,none,essential,N4,auxiliary,te-form,,high,kept grammatical てみる sense; lexical 見る 'see' dropped per CALIBRATION §2,,B,
miru kara ni,miru-kara-ni,見るからに,みるからに,obviously; visibly; just by looking,,casual-spoken|polite-spoken|written-modern,none,uncommon,N1,adverbial,,,high,,,A,
miseru,te-miseru,〜てみせる,てみせる,do ~ to demonstrate; resolve/vow to ~ (for show or determination),,casual-spoken|polite-spoken|written-modern,none,uncommon,N2,auxiliary,te-form,,med,grammatical てみせる 'do for show / vow to'; lexical 見せる 'show' is the base,,I,
mitaida,mitaida,みたいだ,みたいだ,looks like; seems like; resembles (colloquial equivalent of ようだ),,casual-spoken|polite-spoken,none,common,N4,modality,,,high,,,A|B,<gotoshi> ;; <yōda>
mo ba mo,mo-ba-mo,〜も〜ば〜も,も〜ば〜も,both ~ and ~; not only ~ but also ~ (listing with the ば conditional),,casual-spoken|polite-spoken|written-modern,none,common,N3,connective,ba-conditional,,high,,,A,[ V ] [ V ]
"mo mo B ,",mo-mo,〜も〜も,も〜も,both ~ and ~; (with negatives) neither ~ nor ~,,casual-spoken|polite-spoken|written-modern,none,common,N4,particle,,,high,"stripped stray OCR tail 'B ,'",,I,
mo saru koto nagara,mo-saru-koto-nagara,もさることながら,もさることながら,"~ is of course so, but (especially) ~ too; not to mention",,written-modern|literary,none,rare,N1,connective,,,high,,,A,
mo shi~mo,mo-shi-mo,〜もし〜もする,もし〜もする,both does ~ and ~; the verbal listing form using する (parallel to も〜も),,casual-spoken|polite-spoken|written-modern,none,uncommon,N2,connective,mo-mo,,low,OCR-fragmented '[V][V]'; reconstructed verbal 〜もし〜もする listing; not the conditional もし,,A,[ V ] [ V ] <~mo [ V ] ba 2~mo [ V ]>
mo sugu,mo-sugu,もうすぐ,もうすぐ,soon; before long; any moment now,,casual-spoken|polite-spoken|written-modern,none,common,N4,adverbial,,,med,missing source ref (missing_only); reconstructed もうすぐ 'soon' from see-also すぐ,missing_only,,<sugu>
mon,mon,もん,もん,colloquial もの: gives a reason or excuse with a touch of defiance (~だもん),,casual-spoken,none,common,N3,particle,mono,,high,,,B,<mono (da)>
mono,mono,もの,もの,nominalizer for a concrete/tangible thing (contrast こと abstract); also explanatory もの,,casual-spoken|polite-spoken|written-modern,none,common,N4,nominalizer,,,high,concrete-thing nominalizer; contrast こと abstract,,B,<koto '>
"mono (da) B ,",mono-da,ものだ,ものだ,"expresses a general truth, used to ~ (reminiscence), or strong feeling/exclamation",,casual-spoken|polite-spoken|written-modern,none,common,N3,modality,mono,,med,"stripped 'B ,'; cross-row dup-suspect with 'mono da' (mono-da-2) — this is the general-truth/reminiscence sense",,I,
mono de wa nai,mono-de-wa-nai,ものではない,ものではない,one should not ~; it is not something to be done (general/moral negation),,casual-spoken|polite-spoken|written-modern,none,common,N2,modality,mono,,high,,,A,
mono nara,mono-nara,ものなら,ものなら,if one could (by any chance) ~; if you try to ~ (often hypothetical/challenging),,casual-spoken|polite-spoken|written-modern,none,uncommon,N2,conditional,mono|nara,,high,,,A,
mono no,mono-no,ものの,ものの,although; even though (concedes the first clause),,polite-spoken|written-modern,none,common,N2,connective,mono,,high,,,A,
mono o,mono-o,ものを,ものを,(if only ~) but ~; expresses regret or reproach over an unrealized outcome,,written-modern|literary,none,rare,N1,connective,mono,,high,,,A,
moshi (mo),moshi-mo,もし（も）,もし（も）,if; supposing that ~ (adverb pairing with a conditional clause),,casual-spoken|polite-spoken|written-modern,none,common,N4,adverbial,,,high,,,A,<kari ni>
moshikuwa,moshikuwa,もしくは,もしくは,or; alternatively (formal written 'or'),,written-modern|polite-spoken,none,uncommon,N2,connective,,,high,,,A,<aruiwa> ;; <naishi (wa)>
motomoto no,motomoto-no,もともとの,もともとの,original; from the very beginning (adnominal form of もともと 'originally'),,casual-spoken|polite-spoken|written-modern,none,common,N3,adverbial,,,med,もともと 'originally' shown in adnominal もともとの form,,A,<somosomo (no)>
motte iru,motte-iru,持っている,もっている,have; possess (持つ in the ている state),,casual-spoken|polite-spoken|written-modern,none,rare,N5,aspect,te-iru,te-iru,low,"lexical 持つ + ている possession; folds into ている aspect, candidate to drop per CALIBRATION §2",,B,<aru '>
motto,motto,もっと,もっと,more; even more (comparative adverb),,casual-spoken|polite-spoken|written-modern,none,essential,N5,adverbial,,,high,,,A|I,<nao> ;; <sara ni> ;; <yori>
mottomo,mottomo,最も,もっとも,most; to the highest degree (superlative adverb),,casual-spoken|polite-spoken|written-modern,none,common,N3,adverbial,,,high,split from concessive もっとも (mottomo-2); this is 最も superlative,,A,<o oite hoka ni (wa) - nai> ;; <tada>
mottomo,mottomo-2,もっとも,もっとも,"though; granted ~, but ~ (concessive afterthought)",,polite-spoken|written-modern,none,uncommon,N1,connective,,,med,split from 最も (mottomo); concessive もっとも per see-also ただ,,A,<o oite hoka ni (wa) - nai> ;; <tada>
mo~ba,mo-ba,〜も〜ば,も〜ば,~ and also ~; given ~ then ~ too (listing/cumulative with ば),,casual-spoken|polite-spoken|written-modern,none,uncommon,N2,connective,ba-conditional,,low,〜も〜ば listing/cumulative; dup-suspect with mo-ba-mo (〜も〜ば〜も),,I,
muke,muke,〜向け,むけ,intended for; aimed at (a target audience or market),,polite-spoken|written-modern,none,common,N3,other,,,high,,,A,
mukete/muketa ni mukete/muketa,ni-mukete-muketa,〜に向けて／向けた,にむけて／むけた,toward; aimed at; in preparation for (a goal or target),,polite-spoken|written-modern,none,common,N2,connective,,,med,missing source ref (missing_only); OCR-doubled term; reconstructed 〜に向けて/向けた,missing_only,,
muki,muki,〜向き,むき,suited for; facing; oriented toward,,casual-spoken|polite-spoken|written-modern,none,common,N3,other,,,high,contrast 〜向け (muke) 'intended for' vs 〜向き 'suited for',,A,<-muke>
mushiro,mushiro,むしろ,むしろ,rather; if anything; instead (preferring one alternative),,casual-spoken|polite-spoken|written-modern,none,common,N3,adverbial,,,high,,,A|I,<dochira ka to iu to> ;; <kaette>
mō,mou,もう,もう,already; now; (with negative) no longer; (with a number) ~ more,,casual-spoken|polite-spoken|written-modern,none,essential,N5,adverbial,,,high,,,A,<sara ni>
mō sukoshi/chotto de suru tokoro,mou-sukoshi-de-suru-tokoro,もう少し／ちょっとで〜するところ(だった),もうすこし／ちょっとで〜するところ,was on the verge of ~; nearly ~ happened,,casual-spoken|polite-spoken|written-modern,none,uncommon,N2,modality,tokoro,,med,missing source ref (missing_only); OCR variant; reconstructed もう少し/ちょっとで〜するところ 'almost/nearly',missing_only,,
n bakari (ni),n-bakari-ni,〜んばかり（に）,んばかり（に）,almost as if about to ~; so much that it seems ~,,written-modern|literary,none,uncommon,N1,modality,bakari,,high,,,A,
n desu,n-desu,んです,んです,explanatory のだ in polite spoken form: it is that ~; the reason is ~,,casual-spoken|polite-spoken,none,essential,N5,modality,,,high,colloquial polite contraction of のだ,,B,<no da>
n to suru,n-to-suru,〜んとする,んとする,be about to ~; be on the verge of ~ (literary volitional + とする),,literary,none,rare,N1,modality,volitional-form,,high,,,A,
na,na-2,な,な,sentence-final な expressing emotion or seeking agreement (casual ね),,casual-spoken,none,common,N4,particle,,,med,split from prohibitive な (na); emotive/agreement-seeking sentence-final な (see-also ことか exclamatory),,A|B,<koto ka>
nado,nado,など,など,and so on; things like ~; (belittling) the likes of ~,,casual-spoken|polite-spoken|written-modern,none,common,N4,particle,,,high,,,A|B,<nante '>
nado no,nado-no,などの,などの,such ~ as; ~ and the like (modifying a following noun),,casual-spoken|polite-spoken|written-modern,none,common,N3,particle,nado,,high,,,A,<to itta>
nado to,nado-to,などと,などと,(saying/thinking) things like ~ (often dismissive of the quoted content),,casual-spoken|polite-spoken|written-modern,none,common,N3,particle,nado,,high,,,I,
nado to iu mono de wa nai,nado-to-iu-mono-de-wa-nai,などというものではない,などというものではない,it is not something you could merely call ~; it is far beyond ~,,written-modern|literary,none,rare,N1,modality,nado|mono-de-wa-nai,,med,long compound; emphatic 'far more than mere ~' (see-also のなんのって),,A,<no nan no tte>
nagara,nagara,ながら,ながら,while ~ing (two actions at once); also: although; even though,"[{""label"":""simultaneous"",""canonical"":""〜ながら"",""meaning"":""while doing ~ (two actions by one subject at once)""},{""label"":""concessive"",""canonical"":""〜ながら"",""meaning"":""although; even though""}]",casual-spoken|polite-spoken|written-modern,none,essential,N4,connective,masu-stem,,high,,,B,<tsutsu>
nagara (mo),nagara-mo,ながら（も）,ながら（も）,"although; even while ~ (concessive, emphasizing contrast)",,polite-spoken|written-modern,none,common,N3,connective,nagara,,high,,,I,
nai,nai,ない,ない,plain negative auxiliary 〜ない; also 'there is not / does not exist',,casual-spoken|polite-spoken|written-modern,none,essential,N5,auxiliary,,,high,plain negative 〜ない (see-also classical 〜ぬ),,I,<-nu>
nai de,nai-de,ないで,ないで,without ~ing; instead of ~ing; (casual request) don't ~,,casual-spoken|polite-spoken|written-modern,none,essential,N4,connective,nai-form,,high,,,A|B|I,<(no) kawari ni> ;; <kudasai> ;; <nashi ni> ;; <zu shite>
nai de kudasai,nai-de-kudasai,ないでください,ないでください,please do not ~ (polite negative request),,polite-spoken,sonkeigo,essential,N5,auxiliary,nai-de|kudasai,,high,,,A,<bekarazu/bekarazaru>
nai de mo,nai-de-mo,ないでも,ないでも,even without ~ing,,casual-spoken|polite-spoken|written-modern,none,uncommon,N2,connective,nai-de,,high,,,A,<zu tomo>
nai de mo nai,nai-de-mo-nai,ないでもない,ないでもない,it's not that ~ isn't so; there is some ~ (cautious affirmation),,casual-spoken|polite-spoken|written-modern,none,uncommon,N2,modality,nai-de,,high,,,A,
nai koto mo nai,nai-koto-mo-nai,ないこともない,ないこともない,it's not impossible to/that ~; there is some chance of ~,,casual-spoken|polite-spoken|written-modern,none,uncommon,N2,modality,koto,,high,,,A,<nai de mo nai>
nai koto mo/wa nai,nai-koto-mo-wa-nai,ないことも／はない,ないことも／はない,it is not that ~ never (happens); the も/は variant of ないこともない,,casual-spoken|polite-spoken|written-modern,none,uncommon,N2,modality,koto,,med,dup-suspect with nai-koto-mo-nai; this is the も/は-variant row,,I,
nai koto ni wa,nai-koto-ni-wa,ないことには,ないことには,"unless ~; without ~ing first, (nothing will follow)",,casual-spoken|polite-spoken|written-modern,none,uncommon,N2,conditional,koto,,high,,,A,
nai made mo,nai-made-mo,ないまでも,ないまでも,even if not ~ (at least); though not to the point of ~,,polite-spoken|written-modern,none,uncommon,N1,connective,made-mo-nai,,high,,,A,
nai to ikenai,nai-to-ikenai,ないといけない,ないといけない,must ~; have to ~ (obligation),,casual-spoken|polite-spoken|written-modern,none,essential,N4,modality,nai-form,,high,,,B,<-nakereba naranai>
nai wake ni (wa) ikanai,nai-wake-ni-wa-ikanai,ないわけにはいかない,ないわけにはいかない,cannot help but ~; have no choice but to ~ (social/moral obligation),,casual-spoken|polite-spoken|written-modern,none,common,N2,modality,nai-form,,high,,,I,<zaru o enai>
nai yōni shite kudasai,nai-youni-shite-kudasai,ないようにしてください,ないようにしてください,please make sure not to ~; try not to ~ (polite),,polite-spoken,sonkeigo,common,N3,modality,*youni|kudasai,,high,,,A,<bekarazu/bekarazaru>
naishi (wa),naishi-wa,ないし（は）,ないし（は）,or; or alternatively; (from) ~ to ~ (formal),,polite-spoken|written-modern,none,uncommon,N1,connective,,,high,,,A,
naka o,naka-o,〜中を,なかを,"amid; in the midst of ~ (often despite difficult circumstances, e.g. お忙しい中を)",,polite-spoken|written-modern,none,uncommon,N2,connective,,,med,〜中（なか）を 'amidst / despite the situation'; set-phrase idiom,,A,
nakanaka,nakanaka,なかなか,なかなか,quite; considerably; (with negative) not easily / not at all,,casual-spoken|polite-spoken|written-modern,none,common,N3,adverbial,,,high,,,I,
nakattara,nakattara,なかったら,なかったら,if there is no ~; if (something) is not the case (negative たら-conditional),,casual-spoken|polite-spoken|written-modern,none,common,N4,conditional,nai-form,,high,,,A,<nai koto ni wa>
nakereba,nakereba,なければ,なければ,if not ~; unless ~ (negative ば-conditional),,casual-spoken|polite-spoken|written-modern,none,essential,N4,conditional,nai-form,,high,,,A,<nai koto ni wa>
nakereba ikenai,nakereba-ikenai,なければいけない,なければいけない,must ~; have to ~,,casual-spoken|polite-spoken|written-modern,none,essential,N4,modality,nakereba,,high,,,A,
nakereba naranai,nakereba-naranai,なければならない,なければならない,must ~; have to ~ (social/general obligation),,casual-spoken|polite-spoken|written-modern,none,essential,N4,modality,nakereba,,high,,,A|B|I,<-neba naranai> ;; <bekida> ;; <wake ni wa ikanai> ;; <yori/no hoka (ni) (wa) nai> ;; <zaru o enai>
naku,naku,〜なく,なく,adverbial negative 〜なく: without ~; not ~ (e.g. 〜ことなく),,polite-spoken|written-modern,none,common,N3,connective,nai,,med,"連用形 adverbial negative 〜なく; bare form, used mostly in compounds (ことなく)",,I,
naku (t) cha,naku-cha,なくちゃ,なくちゃ,gotta ~; have to ~ (colloquial contraction of なくては),,casual-spoken,none,common,N5,modality,nakute-wa,,high,,,B,<-nakereba naranai>
naku mo nai,naku-mo-nai,なくもない,なくもない,it's not that there isn't ~; there is some ~ (cautious affirmation),,casual-spoken|polite-spoken|written-modern,none,uncommon,N2,modality,nai,,high,,,A,<nai de mo nai>
naku naru,naku-naru,なくなる,なくなる,come to no longer ~; cease to be; disappear / run out,,casual-spoken|polite-spoken|written-modern,none,common,N4,aspect,nai-form,,high,〜なくなる 'come to no longer ~ / be used up',,B,
nakushite (wa),nakushite-wa,なくして（は）,なくして（は）,without ~ (there can be no ~); but for ~,,written-modern|literary,none,uncommon,N1,conditional,,,high,,,A,
nakute,nakute,なくて,なくて,not ~ and; because (something) is not ~ (te-form of the negative),,casual-spoken|polite-spoken|written-modern,none,essential,N4,connective,nai-form,,high,,,B,
nakute mo,nakute-mo,なくても,なくても,even if not ~; even without ~,,casual-spoken|polite-spoken|written-modern,none,common,N4,connective,nakute,,high,,,A,<zu tomo>
nakute wa,nakute-wa,なくては,なくては,must ~ (lit. 'if not ~ then no good'); have to ~,,casual-spoken|polite-spoken|written-modern,none,common,N4,modality,nakute,,high,,,A,<nai koto ni wa>
nakute wa ikenai,nakute-wa-ikenai,なくてはいけない,なくてはいけない,must ~; have to ~,,casual-spoken|polite-spoken|written-modern,none,essential,N5,modality,nakute-wa,,high,,,B,<-nakereba naranai>
nakute wa naranai,nakute-wa-naranai,なくてはならない,なくてはならない,must ~; have to ~ (obligation),,casual-spoken|polite-spoken|written-modern,none,essential,N5,modality,nakute-wa,,high,,,B,<-nakereba naranai>
namaji (kka),namaji-kka,なまじ（っか）,なまじ（っか）,halfheartedly; rashly; ill-advisedly (doing ~ only makes things worse),,written-modern|literary,none,rare,N1,adverbial,,,med,"なまじ(っか) 'ill-advised half-measure'; vol A, low-frequency",,A,
nami,nami,〜並み,なみ,on a par with; at the same level as; average ~,,casual-spoken|polite-spoken|written-modern,none,uncommon,N1,other,,,high,,,A,
nan (i) ka no,nani-ka-no,何らかの／なにかの,なんらかの／なにかの,some (kind of) ~; some ~ or other,,casual-spoken|polite-spoken|written-modern,none,common,N2,other,,,med,OCR 'nan(i)ka no'; reconstructed 何らかの/なにかの 'some ~ or other' (see-also 何らかの),,A,<nanraka no>
nan mo,nan-mo,何〜も,なん〜も,as many as ~; many (number question word + counter + も),,casual-spoken|polite-spoken|written-modern,none,common,N3,other,counter,,med,何＋counter＋も 'as many as / many' (e.g. 何回も); gloss only marks [(Number)+Counter],,A,[ (Number) + Counter ]
nan no tteno nan no tte,no-nan-no-tte,〜の何のって,のなんのって,indescribably ~; you can't imagine how ~ (intensifier),,casual-spoken,none,rare,N1,modality,,,low,missing source ref (missing_only); OCR-doubled; reconstructed 〜の何のって intensifier,missing_only,,
nan to ka,nan-to-ka,なんとか,なんとか,somehow; manage to ~ (with effort); something or other,,casual-spoken|polite-spoken|written-modern,none,common,N3,adverbial,,,high,,,A|I,<yatto>
nandemo,nandemo,何でも,なんでも,anything; everything; (sentence-initial) I hear that ~; apparently,,casual-spoken|polite-spoken|written-modern,none,common,N4,other,,,high,何でも 'anything'; also reportative 'apparently',,I,
nani mo~nai,nani-mo-nai,何も〜ない,なにもない,nothing; not anything at all,,casual-spoken|polite-spoken|written-modern,none,common,N4,adverbial,,,high,,,A,<nanra~nai>
nanishiro,nanishiro,なにしろ,なにしろ,at any rate; after all; the thing is ~ (gives an overriding reason),,casual-spoken|polite-spoken|written-modern,none,common,N2,connective,,,high,,,I,
nanka,nanka,なんか,なんか,things like; ~ or something (often belittling); somewhat,,casual-spoken,none,common,N3,particle,,,high,colloquial of など/なんて,,A|B,<nado> ;; <nante '>
nanra- nai,nanra-nai,何ら〜ない,なんらない,not ~ in the least; nothing whatsoever (emphatic negation),,polite-spoken|written-modern,none,uncommon,N1,adverbial,,,med,何ら〜ない emphatic negation; dup-suspect with nani-nai,,A,
nanraka no,nanraka-no,何らかの,なんらかの,some (kind of); some ~ or other,,casual-spoken|polite-spoken|written-modern,none,common,N2,other,,,med,何らかの 'some ~ or other'; dup-suspect with nani-ka-no,,A,
nante,nante-2,なんて,なんて,exclamatory なんて: how ~! / what (a) ~! (surprise or emotion),,casual-spoken|polite-spoken,none,common,N3,modality,,,med,slug clash with existing nante ('things like' sense); this row (gloss 'what') = exclamatory なんて,,A,""" what """
nanto,nanto,なんと,なんと,how ~!; what ~! (exclamation of surprise/admiration),,casual-spoken|polite-spoken|written-modern,none,common,N3,adverbial,,,high,,,A,<ikani>
nao,nao,なお,なお,furthermore; in addition; (still) more; (formal) note that ~,,polite-spoken|written-modern,none,uncommon,N2,connective,,,high,,,A,<sara ni> ;; <tada>
naosara,naosara,なおさら,なおさら,all the more; even more so,,casual-spoken|polite-spoken|written-modern,none,uncommon,N1,adverbial,,,high,,,A,
nara,nara,なら,なら,"if; if it is the case that ~ (contextual conditional, takes up a topic)",,casual-spoken|polite-spoken|written-modern,none,essential,N4,conditional,,,high,,,B,
nara de wa (no),nara-de-wa-no,ならではの,ならではの,unique to; distinctive of; only possible with ~,,polite-spoken|written-modern,none,uncommon,N1,other,,,high,,,A,
narabi ni,narabi-ni,並びに,ならびに,and; as well as (formal listing connective),,written-modern|polite-spoken,none,uncommon,N1,connective,,,high,,,A,
naranai,naranai,ならない,ならない,in 〜てならない: cannot help feeling ~; unbearably ~; also the obligation component of 〜なければならない,,casual-spoken|polite-spoken|written-modern,none,common,N3,modality,,,med,bare ならない; primary standalone grammar use is 〜てならない 'unbearably / can't help',,I,
nari,nari,〜なり,なり,as soon as ~; the moment one ~ (immediately followed by the next event),,written-modern|literary,none,uncommon,N1,connective,,,med,bare なり is multi-sense; see-also や否や pins 'as soon as 〜なり'; listing なり〜なり kept as nari-nari,,A,<ya ina ya>
nari ni,nari-ni,なりに,なりに,in one's own way; in a manner suited to ~ (それなりに),,casual-spoken|polite-spoken|written-modern,none,common,N1,other,,,high,,,I,
nari ni/no,nari-ni-no,なりに／なりの,なりに／なりの,in a way appropriate to ~; one's own ~ (adnominal なりの variant),,casual-spoken|polite-spoken|written-modern,none,common,N1,other,nari-ni,,med,〜なりに/なりの; dup-suspect with nari-ni (this row adds the の adnominal form),,A,<sore nari ni/no>
nari~nari,nari-nari,〜なり〜なり,なり〜なり,whether ~ or ~; ~ or ~ or something like it (listing alternatives),,casual-spoken|polite-spoken|written-modern,none,uncommon,N1,particle,,,high,,,I,
naru,naru,なる,なる,become; 〜になる/〜くなる: come to be ~ (change of state),,casual-spoken|polite-spoken|written-modern,none,essential,N5,other,,,high,change-of-state 〜になる/〜くなる; honorific お〜になる is a separate node,,B,<o ni naru>
naruhodo,naruhodo,なるほど,なるほど,I see; indeed; that makes sense (acknowledgment),,casual-spoken|polite-spoken|written-modern,none,common,N3,interjection,,,high,,,A,
nasai,nasai,なさい,なさい,"soft imperative: do ~ (instructive command, e.g. to a child/student)",,polite-spoken|casual-spoken,none,common,N4,modality,masu-stem,,high,,,B|I,<Imperative>
nashi de,nashi-de,なしで,なしで,without ~,,casual-spoken|polite-spoken|written-modern,none,common,N3,connective,,,high,,,A,<ni yorazu>
nashi de (wa),nashi-de-wa,なしでは,なしでは,without ~ (there can be no ~); but for ~,,polite-spoken|written-modern,none,uncommon,N2,conditional,nashi-de,,med,なしでは; pairs with nashi-de; dup-suspect with nashi de wa rows,,A,<nakushite (wa)>
nashi ni,nashi-ni,なしに,なしに,without ~ing; without doing ~,,casual-spoken|polite-spoken|written-modern,none,common,N2,connective,,,high,,,A,
nashi ni (wa),nashi-ni-wa,なしには,なしには,without ~ (there can be no ~),,polite-spoken|written-modern,none,uncommon,N2,conditional,nashi-ni,,med,なしには; pairs with nashi-ni; dup-suspect with nashi ni wa,,A,<nakushite (wa)>
nasu,nasu,なす,なす,"form; constitute; accomplish (formal 〜をなす, e.g. 意味をなす)",,written-modern|literary,none,rare,N1,other,,,low,成す largely lexical 'form/constitute'; grammatical only in set phrases; candidate to fold/drop per CALIBRATION §2,,A,
naze ka,naze-ka,なぜか,なぜか,for some reason; somehow,,casual-spoken|polite-spoken|written-modern,none,common,N3,adverbial,,,high,,,A,
naze ka to iu to,naze-ka-to-iu-to,なぜかというと,なぜかというと,the reason is that ~ (setting up an explanation),,polite-spoken|written-modern,none,common,N2,connective,naze-nara-ba-kara-da,,high,,,A,<to iu no wa>
naze ka to iu to~kara da,naze-ka-to-iu-to-kara-da,なぜかというと〜からだ,なぜかというと〜からだ,the reason being ... is because ~ (correlative frame),,polite-spoken|written-modern,none,common,N2,connective,naze-ka-to-iu-to,,med,correlative frame of naze-ka-to-iu-to; dup-suspect with naze-ka-to-iu-to,,A,<naze nara (ba) kara da>
naze nara (ba)~kara da,naze-nara-ba-kara-da,なぜなら(ば)〜からだ,なぜなら(ば)〜からだ,"the reason is, it's because ~",,polite-spoken|written-modern,none,common,N3,connective,,,high,,,A,
ne,ne,ね,ね,sentence-final particle seeking agreement/confirmation; softens a statement,,casual-spoken|polite-spoken,none,essential,N5,particle,,,high,,,B|I,<sa>
neba naranai,neba-naranai,ねばならない,ねばならない,must; have to (formal/written variant of なければならない),,written-modern|literary,none,common,N2,modality,nai-form,,high,,,B|I,<-nakereba naranai>
negau/negaimasu,negau,願う,ねがう,to request/wish; grammatical in polite request frames お〜願います,,polite-spoken|written-modern,none,uncommon,N2,other,,,low,largely lexical verb 願う; grammatical only as お+masu-stem+願います request — candidate to fold per CALIBRATION §2,,A,
ni (mo) naku,ni-mo-naku,にもなく,にもなく,uncharacteristically; in spite of oneself (我にもなく / 柄にもなく),,written-modern|literary,none,rare,N1,adverbial,,,low,bare romaji; reconstructed as 〜にもなく 'uncharacteristically' (柄にもなく/我にもなく); could be other にもなく use,,A,
ni atatte/atari,ni-atatte,に当たって,にあたって,on the occasion of; when (doing something important),,polite-spoken|written-modern,none,uncommon,N2,connective,,,high,,,I,
ni chigainai,ni-chigainai,に違いない,にちがいない,must be; surely; no doubt that ~,,casual-spoken|polite-spoken|written-modern,none,common,N3,modality,,,high,,,A|B,<ni kimatte iru>
ni hanshite,ni-hanshite,に反して,にはんして,contrary to; against (expectations/rules),,polite-spoken|written-modern,none,common,N2,connective,,,high,,,A,<hanmen>
ni hanshite/hansuru,ni-hanshite-2,に反する,にはんする,contrary to; against — noun-modifying form に反する,,polite-spoken|written-modern,none,common,N2,connective,ni-hanshite,,med,adnominal variant of ni-hanshite; dup-suspect,,I,
ni hokanaranai,ni-hokanaranai,にほかならない,にほかならない,is nothing but; is precisely ~,,polite-spoken|written-modern,none,uncommon,N2,modality,,,high,,,I,
ni itatte wa,ni-itatte-wa,に至っては,にいたっては,when it comes to; as for (an extreme case),,written-modern|literary,none,rare,N1,connective,,,high,,,A,
ni kagirazu,ni-kagirazu,に限らず,にかぎらず,not limited to; not only ~ (but more widely),,polite-spoken|written-modern,none,common,N2,connective,,,high,,,A|I,<nomi narazu>
ni kagitte,ni-kagitte,に限って,にかぎって,only; of all (times/people) — often emphatic/ironic,,casual-spoken|polite-spoken|written-modern,none,uncommon,N2,particle,,,high,,,A,
ni kakawarazu,ni-kakawarazu,にかかわらず,にかかわらず,regardless of; irrespective of,,polite-spoken|written-modern,none,common,N2,connective,,,high,,,A,
ni kakete,ni-kakete,にかけて,にかけて,over/through (a span: から〜にかけて); when it comes to,,casual-spoken|polite-spoken|written-modern,none,common,N3,particle,,,high,,,A,<ni watatte/wataru>
ni kanshite,ni-kanshite,に関して,にかんして,regarding; concerning,,polite-spoken|written-modern,none,common,N3,particle,,,high,,,A,<o megutte/meguru>
ni kanshite wa,ni-kanshite-wa,に関しては,にかんしては,as for; regarding (topicalized),,polite-spoken|written-modern,none,uncommon,N3,connective,ni-kanshite,,med,topicalized form of ni-kanshite; dup-suspect,,A,<ni kakete wa>
ni kanshite/kansuru,ni-kanshite-2,に関する,にかんする,concerning; about — noun-modifying form に関する,,polite-spoken|written-modern,none,common,N3,connective,ni-kanshite,,med,adnominal variant of ni-kanshite; dup-suspect,,I,
ni katakunai,ni-katakunai,に難くない,にかたくない,not hard to ~ (esp. 想像に難くない 'easy to imagine'),,written-modern|literary,none,rare,N1,modality,,,high,,,A,
ni kawatte,ni-kawatte,に代わって,にかわって,instead of; on behalf of,,polite-spoken|written-modern,none,uncommon,N3,connective,,,high,,,I,
ni kimeru,ni-kimeru,に決める,にきめる,decide on ~ (choose X),,casual-spoken|polite-spoken|written-modern,none,common,N4,other,ni-suru,ni-suru,med,compositional に+決める; close to にする 'decide on' — candidate fold,,B,<ni suru>
ni kuraberu to/kurabete,ni-kuraberu-to,に比べると,にくらべると,compared to; in comparison with,,casual-spoken|polite-spoken|written-modern,none,common,N3,connective,,,high,,,A,<ni hikikae>
ni mo,ni-mo,にも,にも,"にも — even/also to (emphatic に+も); cf ようにも〜ない 'even if one tries, can't'",,casual-spoken|polite-spoken|written-modern,none,common,N2,particle,,,low,bare にも multi-sense: emphatic 'even to/also to' vs ようにも〜ない frame (see-also 'yo ni mo ~nai'); best-guess emphatic に+も,,A,<koto ni> ;; <yo ni mo (~nai)>
ni mo kakawarazu,ni-mo-kakawarazu,にもかかわらず,にもかかわらず,in spite of; nevertheless; despite,,polite-spoken|written-modern,none,common,N2,connective,ni-kakawarazu,,high,,missing_only,A|I,<kuse ni> ;; <o mono to mo sezu>
ni motozuite/motozuku,ni-motozuite,に基づいて,にもとづいて,based on; on the basis of,,polite-spoken|written-modern,none,common,N2,connective,,,high,,,I,
ni mukatte,ni-mukatte,に向かって,にむかって,toward; facing (a direction/target),,casual-spoken|polite-spoken|written-modern,none,common,N2,particle,,,high,,,A,<ni mukete/muketa>
ni mukete/muketa,ni-mukete,に向けて,にむけて,toward; aimed at; for (a goal/audience),,polite-spoken|written-modern,none,common,N2,particle,ni-mukatte,,high,,,A,
ni naru to,ni-naru-to,になると,になると,"when it becomes/comes to ~ (a time, situation)",,casual-spoken|polite-spoken|written-modern,none,common,N3,connective,to-naru,,med,compositional になる+と; topical 'when it comes to',,I,
ni ni kankei kakete naku wa,ni-kankei-naku,に関係なく,にかんけいなく,regardless of; irrespective of (no relation to ~),,polite-spoken|written-modern,none,uncommon,N2,connective,,,low,OCR-fused garble; reconstructed as に関係なく 'regardless of',,A,<o towazu>
ni oite/okeru,ni-oite,において,において,in; at; on; regarding (formal location/domain marker),,polite-spoken|written-modern,none,common,N2,particle,,,high,,,I,
ni saishite,ni-saishite,に際して,にさいして,on the occasion of; at the time of (a formal event),,polite-spoken|written-modern,none,uncommon,N2,connective,ni-atatte,,high,,,I,<ni atatte/atari>
ni shiro/seyo,ni-shiro,にしろ,にしろ,whether ~ or; even if; no matter (にしろ〜にしろ),,polite-spoken|written-modern,none,uncommon,N2,connective,,,high,"にせよ = same pattern, formal variant",,A,
ni shitagatte/shitagai,ni-shitagatte,に従って,にしたがって,in accordance with; as ~ (progresses),,polite-spoken|written-modern,none,common,N2,connective,,,high,,,I,<to tomo ni>
ni shite mo,ni-shite-mo,にしても,にしても,even if; even so; even for ~,,casual-spoken|polite-spoken|written-modern,none,common,N3,connective,ni-shiro,,high,,,A,<ni shiro/seyo>
ni shite wa,ni-shite-wa,にしては,にしては,for; considering (that it is) ~ (contrary to expectation),,casual-spoken|polite-spoken|written-modern,none,common,N3,connective,,,high,,,A|B,<wari ni (wa)>
ni suginai,ni-suginai,に過ぎない,にすぎない,no more than; merely; nothing but ~,,polite-spoken|written-modern,none,common,N2,modality,,,high,,,A|I,<ni hokanaranai> ;; <tan ni>
ni suru,ni-suru,にする,にする,decide on ~; make/turn (X) into ~,"[{""label"":""decision"",""canonical"":""〜にする"",""meaning"":""decide on / choose (ordering food, etc.)""},{""label"":""causative-make-into"",""canonical"":""AをBにする"",""meaning"":""make A become B""}]",casual-spoken|polite-spoken|written-modern,none,essential,N4,other,,,high,,,B|I,<to suru '>
ni taishite,ni-taishite,に対して,にたいして,toward; in regard to; in contrast to,,polite-spoken|written-modern,none,common,N3,particle,,,high,,,A,<hanmen> ;; <ni hikikae>
ni taishite/taishi,ni-taishite-2,に対する,にたいする,toward; regarding — noun-modifying form に対する,,polite-spoken|written-modern,none,common,N3,connective,ni-taishite,,med,adnominal/variant of ni-taishite; dup-suspect,,I,<ni hanshite/hansuru>
ni todomarazu,ni-todomarazu,に留まらず,にとどまらず,not limited to; not stopping at ~ (but extending further),,written-modern|literary,none,uncommon,N1,connective,,,high,,,A,
ni tomonatte,ni-tomonatte,に伴って,にともなって,"along with; as ~ (changes, accompanies)",,polite-spoken|written-modern,none,common,N2,connective,,,high,,,I,<to tomo ni>
ni totte,ni-totte,にとって,にとって,for; to (from the standpoint of someone),,casual-spoken|polite-spoken|written-modern,none,common,N3,particle,,,high,,,I,
ni tsuite,ni-tsuite,について,について,about; concerning; regarding,,casual-spoken|polite-spoken|written-modern,none,essential,N3,particle,,,high,,missing_only,A|I,<ni kanshite/kansuru> ;; <o megutte/meguru>
ni tsuite (wa),ni-tsuite-wa,については,については,as for; regarding (topicalized について),,casual-spoken|polite-spoken|written-modern,none,common,N4,connective,ni-tsuite,,med,topicalized form of ni-tsuite; dup-suspect,,A,<tsuite wa>
ni tsuke,ni-tsuke,につけ,につけ,every time; whenever (何かにつけ; 〜につけ〜につけ),,written-modern|literary,none,uncommon,N2,connective,,,high,,,A,
ni tsuki,ni-tsuki,につき,につき,per (each); due to; regarding,"[{""label"":""per"",""canonical"":""〜につき"",""meaning"":""per/for each unit""},{""label"":""because"",""canonical"":""〜につき"",""meaning"":""due to ~ (formal notice)""}]",polite-spoken|written-modern,none,common,N2,particle,,,high,,,I,<de>
ni tsurete/tsure,ni-tsurete,につれて,につれて,as; in proportion as ~ (changes together),,polite-spoken|written-modern,none,common,N3,connective,,,high,,,I,<ni shitagatte/shitagai> ;; <to tomo ni>
ni wa,ni-wa,には,には,には — in order to (purpose); for; as for (topicalized に),"[{""label"":""purpose"",""canonical"":""Vるには"",""meaning"":""in order to do ~""},{""label"":""topic-dative"",""canonical"":""Nには"",""meaning"":""as for / to (someone) — topicalized に""}]",casual-spoken|polite-spoken|written-modern,none,common,N3,particle,,,med,bare には multi-sense: purpose 'in order to' vs topicalized dative; both kept as senses,,I,<ni totte>
ni wa oyobanai,ni-wa-oyobanai,には及ばない,にはおよばない,there is no need to ~; not as good as ~,,polite-spoken|written-modern,none,uncommon,N1,modality,,,high,,,I,<made mo nai>
ni watatte/wataru,ni-watatte,にわたって,にわたって,over; across; for (a span of time/space),,polite-spoken|written-modern,none,common,N2,particle,,,high,,,A,
ni yorazu,ni-yorazu,によらず,によらず,regardless of; not depending on ~,,written-modern|literary,none,uncommon,N1,connective,ni-yotte,,high,,,A,<o towazu>
ni yoreba,ni-yoreba,によれば,によれば,according to (a source),,polite-spoken|written-modern,none,common,N3,connective,,,high,,,A,<ni yoru to>
ni yoru,ni-yoru,による,による,depend on; be due to; be caused by ~,,casual-spoken|polite-spoken|written-modern,none,common,N3,particle,,,high,,,I,<shidai>
ni yoru to,ni-yoru-to,によると,によると,according to (a source/report),,casual-spoken|polite-spoken|written-modern,none,common,N3,connective,ni-yoru,,high,dup-suspect with ni-yoreba (same 'according to'),,A,
ni yoru/yotte,ni-yotte,によって,によって,by means of; due to; depending on; (passive agent) by,,polite-spoken|written-modern,none,common,N3,particle,,,high,,,A,<ikan (da)>
ni ōjite/ōjita,ni-oujite,に応じて,におうじて,according to; in response to; depending on ~,,polite-spoken|written-modern,none,common,N2,connective,,,high,,,A,
ni/to mo nareba,ni-to-mo-nareba,ともなれば,ともなれば,once it gets to; when it comes to (a notable level) ~,,written-modern|literary,none,rare,N1,connective,,,med,にもなれば/ともなれば; pairs with ni-to-mo-naru-to,,A,<ni/to mo naru to>
ni/to mo naru to,ni-to-mo-naru-to,ともなると,ともなると,when it comes to; once it reaches (a notable level) ~,,written-modern|literary,none,rare,N1,connective,,,med,にもなると/ともなると; dup-suspect with ni-to-mo-nareba,,A,
nikui,nikui,にくい,にくい,hard to ~; difficult to do (Vます-stem + にくい),,casual-spoken|polite-spoken|written-modern,none,common,N4,auxiliary,masu-stem,,high,,,B,<-gatai> ;; <-kaneru>
no ba'ai (wa),no-baai-wa,の場合(は),のばあい(は),in the case of; when it is ~,,casual-spoken|polite-spoken|written-modern,none,common,N4,connective,,,high,,,A,<ni itatte wa>
no desu,no-desu,のです,のです,"explanatory のだ, polite form: 'the fact is ~ / it's that ~'",,polite-spoken|written-modern,teineigo,essential,N5,modality,no-da,,high,polite teineigo form of no-da,,B,<no da>
no hoka (ni) (wa)~nai,no-hoka-ni-wa-nai,のほか(に)(は)〜ない,のほか(に)(は)〜ない,nothing/no one but ~; only ~,,polite-spoken|written-modern,none,uncommon,N2,connective,,,med,reconstructed from bracketed romaji; のほか〜ない exclusive,missing_only,,
no hoka ni- nai,no-hoka-ni-nai,のほかに〜ない,のほかに〜ない,nothing but ~; only ~ — variant row,,polite-spoken|written-modern,none,uncommon,N2,connective,no-hoka-ni-wa-nai,,low,cross-row dup of no-hoka-ni-wa-nai; cf をおいてほかに(は)〜ない,,A,<o oite hoka ni (wa)~nai>
no hō ga,no-hou-ga,のほうが,のほうが,~ is more (comparative: AのほうがBより),,casual-spoken|polite-spoken|written-modern,none,essential,N5,connective,,,high,,,B,<- hō ga~yori>
no kankei de,no-kankei-de,の関係で,のかんけいで,due to; because of (the circumstances of) ~,,polite-spoken|written-modern,none,uncommon,N2,connective,,,high,,,I,
no koto,no-koto,のこと,のこと,about; concerning (matters relating to ~),,casual-spoken|polite-spoken|written-modern,none,common,N4,nominalizer,,,high,,,I,<ni kanshite/kansuru> ;; <ni tsuite>
no koto da kara,no-koto-da-kara,のことだから,のことだから,"since it's ~ (so, knowing them, naturally...)",,casual-spoken|polite-spoken|written-modern,none,common,N2,connective,no-koto,,high,,,I,
no moto de,no-moto-de,のもとで,のもとで,under (the guidance/conditions/authority of) ~,,polite-spoken|written-modern,none,uncommon,N2,connective,,,high,のもとに = related variant,,I,
no nasa,no-nasa,のなさ,のなさ,the lack/absence of ~ (nominalized ない as 〜のなさ),,casual-spoken|polite-spoken|written-modern,none,uncommon,N2,nominalizer,nai-form,,med,nominalized ない 'lack of'; e.g. やる気のなさ,,A,
no no to,no-no-to,のなんのと,のなんのと,saying this and that; grumbling that ~ (〜のなんのと/〜の〜のと),,casual-spoken,none,rare,N1,connective,,,low,bare 'no no to'; reconstructed as 〜の〜のと/のなんのと listing-complaint frame,,A,
no tame (ni),no-tame-ni,のために,のために,for (the sake of); because of ~,"[{""label"":""purpose"",""canonical"":""〜のために"",""meaning"":""for the sake/benefit of""},{""label"":""cause"",""canonical"":""〜のために"",""meaning"":""because of / due to""}]",casual-spoken|polite-spoken|written-modern,none,essential,N4,connective,,,high,,,I,<no kankei de>
no ten de,no-ten-de,の点で,のてんで,in terms of; regarding the point of ~,,polite-spoken|written-modern,none,uncommon,N2,connective,,,high,,,A,<kara itte>
no ue de wa,no-ue-de-wa,の上では,のうえでは,on; in terms of; from the standpoint of ~,,polite-spoken|written-modern,none,uncommon,N2,connective,,,med,の上では 'in terms of / nominally'; distinct from た上で 'after',,I,
no wa da,no-wa-da,のは〜だ,のは〜だ,cleft sentence: 'the one who/that ... is ~' (focus marking),,casual-spoken|polite-spoken|written-modern,none,common,N4,nominalizer,,,med,のは〜だ cleft/focus construction,,B,
no wa~no koto da,no-wa-no-koto-da,のは〜のことだ,のは〜のことだ,what is meant by ~ is ... (defining/clarifying cleft),,polite-spoken|written-modern,none,uncommon,N3,connective,no-wa-da,,low,reconstructed のは〜のことだ defining cleft; dup-suspect with no-wa-da,,I,
no yōna,no-youna,のような,のような,like; such as; resembling ~ (noun-modifying),,casual-spoken|polite-spoken|written-modern,none,common,N4,auxiliary,,,high,adverbial form のように = related,,A,<to demo iu beki>
nochi (ni),nochi-ni,のち(に),のち(に),after; later (formal/written),,written-modern|literary,none,uncommon,N2,connective,,,high,,,A,<sue (ni)>
node,node,ので,ので,"because; since (states a reason, softer/more objective than から)",,casual-spoken|polite-spoken|written-modern,none,essential,N5,connective,,,high,,,A|B|I,<(no) kawari ni> ;; <koto de> ;; <koto kara> ;; <naze nara (ba) - kara da> ;; <to atte> ;; <toka de> ;; <tokoro kara> ;; <yue ni>
nomi,nomi,のみ,のみ,only; just (formal/written equivalent of だけ),,written-modern|literary,none,common,N2,particle,,,high,,,I,
nomi narazu,nomi-narazu,のみならず,のみならず,not only ~ but also; moreover,,written-modern|literary,none,uncommon,N2,connective,nomi,,high,,,A,<ni todomarazu> ;; <wa oroka>
no~nai no tte,no-nai-no-tte,の〜ないのって,の〜ないのって,you can't imagine how (not) ~ (emphatic exclamation),,casual-spoken,none,rare,N1,connective,no-nan-no-tte,no-nan-no-tte,low,variant of 〜の何のって intensifier; candidate fold into no-nan-no-tte,,A,<no nan no tte>
nu,nu,ぬ,ぬ,classical/literary negative auxiliary (= ない); also 〜ぬ adnominal,,literary|archaic,none,uncommon,N2,auxiliary,nai-form,,high,,,I,
nā,naa,なあ,なあ,sentence-final particle of emotion/admiration/wishing,,casual-spoken,none,common,N4,particle,,,high,,,A,
ně,ne-2,ねえ,ねえ,"emphatic/drawn-out sentence-final ね (agreement, exclamation)",,casual-spoken,none,common,N4,particle,ne,ne,low,"OCR 'ně'; reconstructed as ねえ, emphatic variant of ね; see-also ことか",,A,<koto ka>
o *,o-4,を,を,"emotive を — marks emotion/exclamation, esp. clause-final ものを 'and yet'",,written-modern|literary,none,uncommon,N1,particle,,,low,glossed '[emotive marker]'; distinct from を-object(o)/path(o-2)/separation(o-3); reconstructed emotive を (ものを),,B,[ emotive marker ]
o Vmasu kudasai,o-vmasu-kudasai,お〜ください,お〜ください,please do ~ (honorific request: お+Vます-stem+ください),,polite-spoken|written-modern,sonkeigo,common,N4,honorific,masu-stem,,high,,,A,<negau/negaimasu>
o chushin to/ni shite,o-chushin-to-ni-shite,を中心として,をちゅうしんとして,centering on; with ~ as the center — variant of を中心に,,polite-spoken|written-modern,none,common,N2,connective,o-chushin-ni,,med,variant of o-chushin-ni; dup-suspect,,A,<o chūshin ni>
o hajime (to shite),o-hajime-to-shite,をはじめ(として),をはじめ(として),starting with; including (as a prime example),,polite-spoken|written-modern,none,common,N3,connective,,,high,,,I,
o kaishite/kaishita,o-kaishite,を介して,をかいして,through; via (an intermediary),,written-modern|literary,none,uncommon,N1,connective,,,high,,,A,
o kinzu (ru),o-kinzuru,を禁ずる,をきんずる,to prohibit; forbid (formal 〜を禁ずる/禁じる),,written-modern|literary,none,rare,N1,other,,,low,largely lexical verb 禁ずる; grammatical mainly in 〜を禁じ得ない — candidate fold per §2,,A,<bekarazu/bekarazaru>
o megutte/meguru,o-megutte,をめぐって,をめぐって,concerning; over (a dispute/issue centered on ~),,polite-spoken|written-modern,none,uncommon,N2,connective,,,high,,,A,
o mezashite,o-mezashite,を目指して,をめざして,aiming for; with the aim of ~,,polite-spoken|written-modern,none,uncommon,N2,connective,,,med,borderline lexical (目指す); used as goal-marking grammar,,A,<ni mukete/muketa>
o mokuhyō ni,o-mokuhyou-ni,を目標に,をもくひょうに,with the goal/target of ~,,polite-spoken|written-modern,none,uncommon,N2,connective,,,med,compositional を目標に; goal-marking,,A,<ni mukete/muketa>
o mono to mo sezu,o-mono-to-mo-sezu,をものともせず,をものともせず,in defiance of; undaunted by ~,,written-modern|literary,none,rare,N1,connective,,,high,,,A,
o moto ni (shite),o-moto-ni,をもとに(して),をもとに(して),based on; on the basis of ~,,polite-spoken|written-modern,none,common,N2,connective,ni-motozuite,,high,,,I,<ni motozuite/motozuku>
o nozoite,o-nozoite,を除いて,をのぞいて,except for; excluding ~,,polite-spoken|written-modern,none,common,N2,connective,,,high,,,A,<wa betsu to shite>
o oite hoka ni (wa) 2 nai,o-oite-hoka-ni-wa-nai,をおいてほかに(は)〜ない,をおいてほかに(は)〜ない,no one/nothing but ~; ~ is the only one,,written-modern|literary,none,rare,N1,connective,,,low,OCR stray '2'; reconstructed をおいてほかに(は)〜ない,,A,
o towazu,o-towazu,を問わず,をとわず,regardless of; irrespective of ~,,polite-spoken|written-modern,none,common,N2,connective,,,high,,,A,
o tsujite,o-tsujite,を通じて,をつうじて,through; throughout; via ~,,polite-spoken|written-modern,none,common,N2,connective,,,high,,,I,<o tōshite>
o tsukatte,o-tsukatte,を使って,をつかって,using; by means of ~ (using a tool/method),,casual-spoken|polite-spoken|written-modern,none,common,N5,other,te-form,,med,compositional て-form of 使う 'use'; near-lexical means marker,,B,<de>
o tōshite,o-toshite,を通して,をとおして,through; via; throughout ~,,polite-spoken|written-modern,none,common,N2,connective,o-tsujite,,high,near-synonym of を通じて (o-tsujite),,A|I,<o kaishite/kaishita>
o yoso ni,o-yoso-ni,をよそに,をよそに,ignoring; in disregard of; despite ~,,written-modern|literary,none,rare,N1,connective,,,high,,,A,
oda,oda,,,OCR garble — unrecoverable (possibly のだ explanatory variant or おだ),,casual-spoken|polite-spoken|written-modern,none,rare,none,other,no-da,no-da,low,"OCR garble 'oda' with no gloss; tentatively のだ variant — verify against source, candidate drop",,I,
oi,oi,おい,おい,hey! (rough/familiar call to get attention),,casual-spoken,none,common,N4,interjection,,,high,,,B,
okage,okage,おかげ,おかげ,thanks to; owing to (a good result: おかげで),,casual-spoken|polite-spoken|written-modern,none,common,N3,connective,,,high,おかげで positive cause; cf せいで negative,,I,<sei>
oki ni,oki-ni,おきに,おきに,at intervals of; every (other) ~ (一日おきに),,casual-spoken|polite-spoken|written-modern,none,common,N3,adverbial,counter,,high,,,B,<goto ni>
okinji enai,okinji-enai,を禁じ得ない,をきんじえない,cannot help (feeling); cannot suppress (an emotion),,written-modern|literary,none,rare,N1,modality,,,low,OCR garble 'okinji enai'; reconstructed を禁じ得ない (dropped を head),,A,
okonau,okonau,行う,おこなう,to carry out; conduct; perform (formal 'do'),,polite-spoken|written-modern,none,common,N3,other,,,low,lexical verb 行う 'carry out' — not grammar; candidate to fold/drop per §2,,A,<nasu>
omake ni,omake-ni,おまけに,おまけに,on top of that; besides; to make matters worse/better,,casual-spoken|polite-spoken,none,common,N2,connective,,,high,,,I,<shika mo> ;; <sono ue> ;; <sore ni>
omoeba,omoeba,思えば,おもえば,thinking back; now that I think of it ~,,casual-spoken|polite-spoken|written-modern,none,uncommon,N2,connective,ba-conditional,,med,ば-conditional of 思う used as discourse opener '思えば',,A,
omoikitte,omoikitte,思い切って,おもいきって,boldly; daringly; resolutely,,casual-spoken|polite-spoken|written-modern,none,uncommon,N2,adverbial,,,high,,,A,<aete>
omou ni,omou-ni,思うに,おもうに,in my opinion; it seems to me that ~ (formal),,written-modern|literary,none,rare,N1,adverbial,,,med,formal sentence-opener 思うに,,A,
omowareru,omowareru,思われる,おもわれる,to seem; be thought; come to be felt (spontaneous/epistemic),,polite-spoken|written-modern,none,common,N2,passive,reru,,med,spontaneous/epistemic 思われる 'seems'; morphologically passive of 思う,,I,
omowazu,omowazu,思わず,おもわず,involuntarily; unintentionally; in spite of oneself,,casual-spoken|polite-spoken|written-modern,none,uncommon,N2,adverbial,,,high,,,A,<tsui>
oni naru,o-ni-naru,お〜になる,お〜になる,honorific form of a verb (subject-elevating): お+Vます-stem+になる,,polite-spoken|written-modern,sonkeigo,common,N4,honorific,masu-stem,,med,OCR 'oni naru' = お〜になる sonkeigo; dup-suspect with o~ni naru row,,B,
ono'ono,onoono,各々,おのおの,each; respectively; every one,,written-modern|literary,none,uncommon,N1,adverbial,,,low,borderline lexical (pronoun/adverb) 各々; kept per §2,,I,<sorezore>
ori,ori,折,おり,time; occasion (formal 〜折に 'on the occasion of'),,written-modern|literary,none,uncommon,N2,connective,,,med,borderline lexical noun 折; grammatical as 折に temporal,,I,
ori (ni),ori-ni,折に,おりに,on the occasion of; when (formal),,written-modern|literary,none,uncommon,N2,connective,ori,,high,dup-suspect with ori,,A,
oroka wa oroka,wa-oroka,はおろか,はおろか,let alone; not to mention; to say nothing of ~,,written-modern|literary,none,uncommon,N1,connective,,,low,OCR-doubled 'oroka wa oroka'; reconstructed はおろか — merge with any W-pass 'wa oroka' row,missing_only,,
osore ga aru,osore-ga-aru,恐れがある,おそれがある,there is a risk/fear/danger that ~,,polite-spoken|written-modern,none,common,N2,modality,,,high,,,A,
owaru,owaru,終わる,おわる,finish (doing); end (Vます-stem + 終わる),,casual-spoken|polite-spoken|written-modern,none,common,N4,aspect,masu-stem,,med,compound 〜終わる completion aspect; cf lexical 終わる 'end',,B,
oyobi,oyobi,および,および,and; as well as (formal noun coordinator),,written-modern|literary,none,common,N2,connective,,,high,,,A,<narabi ni>
oyoso,oyoso,およそ,およそ,roughly; approximately; generally speaking,,polite-spoken|written-modern,none,uncommon,N2,adverbial,,,high,,,A,
ppanashi,ppanashi,っぱなし,っぱなし,leave ~ (in a state); keep ~ing (without stopping),,casual-spoken|polite-spoken|written-modern,none,common,N3,aspect,masu-stem,,high,,,I,
ppoi,ppoi,っぽい,っぽい,-ish; tends to be; has the look/quality of ~,,casual-spoken|polite-spoken|written-modern,none,common,N3,adverbial,,,high,,,A,
ra,ra,ら,ら,"pluralizing/approximating suffix for people (彼ら, 私たち's casual ら)",,casual-spoken|polite-spoken|written-modern,none,common,N4,other,,,high,plural suffix; cf -tachi,,B,<-tachi>
rai,rai,来,らい,"for the past ~; since (time-span + 来, e.g. 一年来)",,written-modern|literary,none,uncommon,N1,counter,,,low,bare 'rai'; reconstructed as 〜来 'over the past (period)',,I,
rarenai,rarenai,られない,られない,cannot ~ (negative potential of ichidan verbs / られる),,casual-spoken|polite-spoken|written-modern,none,common,N4,modality,,,high,negative potential; cf rareru,,I,<wake ni wa ikanai>
rashii,rashii,らしい,らしい,seems; apparently (hearsay/inference); typical of ~,"[{""label"":""inference"",""canonical"":""〜らしい"",""meaning"":""seems/apparently (based on evidence/hearsay)""},{""label"":""typical"",""canonical"":""Nらしい"",""meaning"":""typical of / befitting ~""}]",casual-spoken|polite-spoken|written-modern,none,common,N4,modality,,,high,,,B|I,<-ppoi>
rei no,rei-no,例の,れいの,that (we both know about); the usual; the aforementioned,,casual-spoken|polite-spoken|written-modern,none,uncommon,N2,other,,,high,prenominal 例の,,I,
reru,reru,れる,れる,passive/potential/spontaneous/honorific auxiliary (godan verbs),,casual-spoken|polite-spoken|written-modern,none,common,N4,passive,nai-form,,med,れる carries passive/potential/spontaneous/honorific; tagged passive as primary; cf rareru,,B,<rareru '>
sa,sa,さ,さ,nominalizing suffix (degree: 高さ); also assertive/casual sentence-final particle,"[{""label"":""nominalizer"",""canonical"":""Aさ"",""meaning"":""turns an adjective into a noun of degree (高さ 'height')""},{""label"":""final-particle"",""canonical"":""〜さ"",""meaning"":""casual assertive sentence-final particle""}]",casual-spoken|polite-spoken|written-modern,none,common,N4,nominalizer,,,med,multi-sense: degree nominalizer さ + casual final particle さ; kept as senses,,B|I,
sae,sae,さえ,さえ,even; if only ~ (さえ〜ば conditional),"[{""label"":""even"",""canonical"":""〜さえ"",""meaning"":""even (extreme example)""},{""label"":""if-only"",""canonical"":""〜さえ〜ば"",""meaning"":""if only ~, then (sufficient condition)""}]",casual-spoken|polite-spoken|written-modern,none,common,N3,particle,,,high,,,A|I,<dani>
sai,sai,際,さい,occasion; time (formal 〜際 'when/on the occasion of'),,polite-spoken|written-modern,none,uncommon,N2,connective,,,med,borderline lexical 際; grammatical as 際(に) temporal,,A,<ori (ni)>
sai (ni),sai-ni,際に,さいに,on the occasion of; when; at the time of ~ (formal),,polite-spoken|written-modern,none,common,N2,connective,sai,,high,dup-suspect with sai,,I,<ni atatte/atari>
saigo made,saigo-made,最後まで,さいごまで,until the very end; to the last,,casual-spoken|polite-spoken|written-modern,none,uncommon,N3,other,,,low,compositional 最後まで; borderline lexical — distinct from たら最後 idiom,,A,<akumade mo>
sama,sama,様,さま,"honorific title suffix (Mr/Ms, very polite); also 〜さま 'state/manner'",,polite-spoken|written-modern,none,common,N4,other,,,med,honorific address suffix 様; politer than さん,,B,
samo,samo,さも,さも,truly; as if; just as though (さも〜らしい/そうに),,written-modern|literary,none,rare,N1,adverbial,,,med,adverb さも 'as if'; pairs with らしい/そうに,,A,
samo nakuba,samo-nakuba,さもなくば,さもなくば,otherwise; if not (so) ~,,written-modern|literary,none,rare,N1,connective,,,high,さもないと/さもなければ = related variants,,A,<naishi (wa)>
san,san,さん,さん,polite title suffix (Mr/Ms/Mrs) attached to names,,casual-spoken|polite-spoken|written-modern,none,essential,N5,other,,,high,polite address suffix; cf 様 (sama),,B,<-sama>
sappari,sappari,さっぱり,さっぱり,(not) at all (さっぱり〜ない); also 'refreshed/clean',,casual-spoken|polite-spoken,none,common,N3,adverbial,,,high,,,B,<amari>
sara ni,sara-ni,さらに,さらに,furthermore; even more; in addition,,casual-spoken|polite-spoken|written-modern,none,common,N2,connective,,,high,,,A,<katsu> ;; <nao>
sara ni (wa),sara-ni-wa,さらには,さらには,moreover; furthermore; and on top of that,,polite-spoken|written-modern,none,uncommon,N2,connective,sara-ni,,high,emphatic variant of sara-ni,,A,<hiite wa>
saru koto nagara,saru-koto-nagara,さることながら,さることながら,needless to say; not only ~ but also (もさることながら),,written-modern|literary,none,rare,N1,connective,,,med,usually 〜もさることながら; reconstructed from missing_only row,missing_only,,
saserareru,saserareru,させられる,させられる,be made/forced to do (causative-passive),,casual-spoken|polite-spoken|written-modern,none,common,N3,causative,saseru,,high,causative-passive; combines saseru + passive,,B,<saseru>
saseru,saseru,させる,させる,make/let (someone) do ~ (causative),,casual-spoken|polite-spoken|written-modern,none,common,N4,causative,,,high,ichidan/する causative; cf せる for godan,,B,
sashiageru,sashiageru,さしあげる,さしあげる,"to give (humble, to a superior); also てさしあげる 'do for' (humble)",,polite-spoken|written-modern,kenjougo,common,N4,other,,,high,humble give; てさしあげる benefactive is a related auxiliary,,B,<ageru '>
sasuga,sasuga,さすが,さすが,as expected (impressively); just as one would expect,,casual-spoken|polite-spoken|written-modern,none,common,N2,adverbial,,,high,,,I,
sasuga (ni),sasuga-ni,さすがに,さすがに,as one would expect; even ~ (さすがに〜ない 'even ~ not'),,casual-spoken|polite-spoken|written-modern,none,common,N2,adverbial,sasuga,,high,dup-suspect with sasuga,,B,<yahari>
sate,sate,さて,さて,well then; now (topic-shifting discourse connective),,casual-spoken|polite-spoken|written-modern,none,common,N3,connective,,,high,,,A,
sazo (kashi),sazo,さぞ,さぞ,surely; I'm sure (~ must be...) — paired with conjecture だろう,,polite-spoken|written-modern,none,uncommon,N1,adverbial,,,high,さぞかし = emphatic variant,,A,
sei,sei,せい,せい,fault; because of (a bad result: せいで/せいか),,casual-spoken|polite-spoken|written-modern,none,common,N3,connective,,,high,せいで negative cause; cf おかげで positive,,I,
sekkaku,sekkaku,せっかく,せっかく,with effort; took the trouble to; long-awaited (and so should not go to waste),,casual-spoken|polite-spoken|written-modern,none,common,N3,adverbial,,,high,,,B,
semete,semete,せめて,せめて,at least (if nothing more),,casual-spoken|polite-spoken|written-modern,none,common,N3,adverbial,,,high,,,I,
seru,seru,せる,せる,causative auxiliary (make/let someone do) for 五段 verbs; paired with させる,,casual-spoken|polite-spoken|written-modern,none,common,N4,causative,nai-form,,high,せる/させる causative pair,,B,<saseru>
setsu (ni),setsu-ni,節に,せつに,on the occasion of; at the time when (formal),,polite-spoken|written-modern,none,uncommon,N1,connective,,,med,formal 〜節に 'on the occasion of'; reading reconstructed,,A,<ori (ni)>
shi,shi,し,し,and (what's more); listing reasons/states (non-exhaustive),,casual-spoken|polite-spoken|written-modern,none,common,N4,connective,,,high,,,B,
shidai,shidai,次第,しだい,depending on; as soon as (V-stem次第); the circumstances,,polite-spoken|written-modern,none,uncommon,N2,connective,,,med,multi-sense しだい (depending on / as-soon-as / circumstances); bare romaji,missing_only,A,<ikan (da)>
shidai de,shidai-de,次第で,しだいで,depending on; according to,,polite-spoken|written-modern,none,uncommon,N2,connective,shidai,,high,,,A,<ni ōjite/ōjita>
shiite,shiite,強いて,しいて,forcibly; daring to; if pressed (to say),,polite-spoken|written-modern,none,uncommon,N1,adverbial,,,high,,,A,<aete>
shika,shika,しか,しか,only; nothing but (always with a negative predicate),,casual-spoken|polite-spoken|written-modern,none,essential,N5,particle,nai-form,,high,,,B,
shika mo,shika-mo,しかも,しかも,moreover; what's more; and yet,,casual-spoken|polite-spoken|written-modern,none,common,N2,connective,,,high,,,I,
shika nai,shika-nai,しかない,しかない,have no choice but to; there is only,,casual-spoken|polite-spoken|written-modern,none,common,N3,modality,shika,,high,,,I,<zaru o enai>
shikashi,shikashi,しかし,しかし,but; however,,casual-spoken|polite-spoken|written-modern,none,essential,N4,connective,,,high,,,A|B|I,<(no) kawari ni> ;; <daga> ;; <kawari ni> ;; <mottomo> ;; <to itte> ;; <tokoro ga>
shikashi nagara,shikashi-nagara,しかしながら,しかしながら,nevertheless; however (formal),,polite-spoken|written-modern,none,uncommon,N1,connective,shikashi,,high,,,A,<to itte>
shikata ga nai te shikata ga nai,shikata-ga-nai,仕方がない,しかたがない,it can't be helped; there's no use (in ~ing),,casual-spoken|polite-spoken|written-modern,none,common,N3,modality,,,low,OCR-fused しかたがない + てしかたがない; te-form variant = te-shikata-ga-nai,missing_only,,
shimau,shimau,しまう,しまう,finish completely; (regrettably) end up ~ — basis of てしまう,,casual-spoken|polite-spoken|written-modern,none,essential,N4,aspect,,,high,てしまう auxiliary = te-shimau,,B,
shinpai ga aru,shinpai-ga-aru,心配がある,しんぱいがある,there is a worry/risk that ~,,polite-spoken|written-modern,none,uncommon,N1,modality,,,med,borderline compositional 'there is a fear that'; cf osore-ga-aru,,A,<osore ga aru>
shiru,shiru,知る,しる,to know; come to know (notable for the 知っている state form),,casual-spoken|polite-spoken|written-modern,none,common,N5,other,te-iru,,med,borderline lexical 知る; kept for the 知っている aspect form,,B,
shitagatte,shitagatte,従って,したがって,therefore; consequently (formal),,polite-spoken|written-modern,none,common,N2,connective,,,high,,,A|I,<yue ni>
shunkan ni,shunkan-ni,瞬間に,しゅんかんに,the moment that; just as,,casual-spoken|polite-spoken|written-modern,none,uncommon,N2,connective,,,high,,,A,<ya ina ya>
soko o,soko-o,そこを,そこを,(do it) despite that; overcoming the circumstances (appeal),,casual-spoken|polite-spoken,none,uncommon,N1,particle,,,med,そこを 'despite the circumstances' appeal use,,I,
somosomo (no),somosomo,そもそも,そもそも,in the first place; originally; to begin with,,casual-spoken|polite-spoken|written-modern,none,common,N2,adverbial,,,high,,,A,
sono mono,sono-mono,そのもの,そのもの,"itself; the very ~ (emphatic, utterly)",,casual-spoken|polite-spoken|written-modern,none,uncommon,N2,adverbial,,,med,emphatic そのもの 'itself / utterly',,A,
sono tame,sono-tame,そのため,そのため,therefore; for that reason,,casual-spoken|polite-spoken|written-modern,none,common,N3,connective,tame-ni,,high,,,A,<tsuite wa>
sono ue,sono-ue,その上,そのうえ,moreover; on top of that; in addition,,casual-spoken|polite-spoken|written-modern,none,common,N2,connective,,,high,,,A|I,<katsu> ;; <sara ni> ;; <shika mo>
sono ue (ni),sono-ue-ni,その上に,そのうえに,on top of that; in addition (variant of その上),,casual-spoken|polite-spoken|written-modern,none,common,N2,connective,sono-ue,,med,near-dup of sono-ue; adds に variant,,A,<kuwaete>
sore dake,sore-dake,それだけ,それだけ,that much; only that; to that extent,,casual-spoken|polite-spoken|written-modern,none,common,N3,adverbial,,,high,,,A,
sore de,sore-de,それで,それで,and so; therefore; and then (prompting),,casual-spoken|polite-spoken|written-modern,none,common,N4,connective,,,high,,,B|I,<soko de '>
sore de ite,sore-de-ite,それでいて,それでいて,and yet; nevertheless,,casual-spoken|polite-spoken|written-modern,none,uncommon,N1,connective,,,high,,missing_only,,<shika mo>
sore de wa,sore-de-wa,それでは,それでは,well then; in that case,,casual-spoken|polite-spoken|written-modern,none,common,N4,connective,,,high,,,B,
sore demo,sore-demo,それでも,それでも,even so; nevertheless,,casual-spoken|polite-spoken|written-modern,none,common,N4,connective,,,high,,,I,
sore dokoroka,sore-dokoroka,それどころか,それどころか,far from it; on the contrary,,casual-spoken|polite-spoken|written-modern,none,uncommon,N2,connective,,,high,,,I,
sore ga,sore-ga,それが,それが,but (contrary to expectation); the thing is ~,,casual-spoken|polite-spoken,none,uncommon,N2,connective,,,med,それが contrastive discourse use,missing_only,I,<tokoro ga>
sore kara,sore-kara,それから,それから,and then; after that; and also,,casual-spoken|polite-spoken|written-modern,none,essential,N5,connective,,,high,,,B,<sore to>
sore mo,sore-mo,それも,それも,and what's more; that too (additive emphasis),,casual-spoken|polite-spoken|written-modern,none,uncommon,N2,connective,,,med,それも additive emphasis,missing_only,,<shika mo>
sore nara,sore-nara,それなら,それなら,if that's the case; then,,casual-spoken|polite-spoken|written-modern,none,common,N4,connective,,,high,,,B,
sore nari ni/no,sore-nari-ni,それなりに,それなりに,in its own way; to that extent; accordingly,,casual-spoken|polite-spoken|written-modern,none,uncommon,N1,adverbial,,,high,,,A,
sore ni,sore-ni,それに,それに,besides; moreover; in addition,,casual-spoken|polite-spoken|written-modern,none,common,N3,connective,,,high,,,I,<shika mo> ;; <sono ue> ;; <sore to>
sore to,sore-to,それと,それと,and; also; on top of that (adding an item),,casual-spoken|polite-spoken|written-modern,none,common,N3,connective,,,high,,,I,
sore wa,sore-wa,それは,それは,as for that; that ~ (emphatic/topic 'that's really'),,casual-spoken|polite-spoken|written-modern,none,uncommon,N2,particle,,,med,それは emphatic/topic use; cf sore-ga,,I,<sore ga>
sore yue,sore-yue,それゆえ,それゆえ,therefore; hence (formal/literary),,written-modern|literary,none,uncommon,N1,connective,yue-ni,,high,,,A,<tsuite wa>
soretomo,soretomo,それとも,それとも,or (else) — alternatives in a question,,casual-spoken|polite-spoken|written-modern,none,common,N3,connective,,,high,,,A|B,<aruiwa> ;; <mata wa> ;; <moshikuwa>
sorezore,sorezore,それぞれ,それぞれ,each; respectively,,casual-spoken|polite-spoken|written-modern,none,common,N3,adverbial,,,high,,,I,
soshite,soshite,そして,そして,and; and then,,casual-spoken|polite-spoken|written-modern,none,essential,N5,connective,,,high,,,A|B,<katsu> ;; <oyobi>
subete wa~nai,subete-wa-nai,全ては〜ない,すべては〜ない,not all; not entirely (partial negation),,polite-spoken|written-modern,none,uncommon,N2,modality,nai-form,,med,partial-negation すべては〜ない,,I,<kanarazushimo>
sue (ni),sue-ni,末に,すえに,"after (much ~); finally, as the end result of",,polite-spoken|written-modern,none,uncommon,N2,connective,ta-form,,high,,,A,<ageku (ni)>
sugiru,sugiru,すぎる,すぎる,too much; excessively (V-stem/Adj + すぎる),,casual-spoken|polite-spoken|written-modern,none,common,N5,auxiliary,masu-stem,,high,,,B|I,<amari>
sugu,sugu,すぐ,すぐ,immediately; right away; soon,,casual-spoken|polite-spoken|written-modern,none,essential,N5,adverbial,,,high,,,I,
sukida,sukida,好きだ,すきだ,to like (な-adjective predicate; object marked with が),,casual-spoken|polite-spoken|written-modern,none,common,N5,other,,,med,borderline lexical 好きだ; kept for が-marked object pattern,,B,
sukoshi mo,sukoshi-mo,少しも,すこしも,(not) at all; not in the least (with negative),,casual-spoken|polite-spoken|written-modern,none,common,N3,adverbial,nai-form,,high,,,B,<amari>
sukoshi mo~nai,sukoshi-mo-nai,少しも〜ない,すこしも〜ない,not in the least; not at all (explicit negative form),,casual-spoken|polite-spoken|written-modern,none,common,N3,adverbial,sukoshi-mo,,med,dup-suspect of sukoshi-mo (explicit 〜ない),,A,<nanra~nai>
sukunai,sukunai,少ない,すくない,few; little; scarce,,casual-spoken|polite-spoken|written-modern,none,common,N5,other,,,low,lexical adjective 少ない; candidate to drop,,B,
sukunakutomo,sukunakutomo,少なくとも,すくなくとも,at least,,polite-spoken|written-modern,none,common,N2,adverbial,,,high,,,I,<semete>
sumaseru,sumaseru,済ませる,すませる,to finish/settle (something); make do with,,casual-spoken|polite-spoken|written-modern,none,uncommon,N2,other,sumu,,low,lexical/transitive of 済む; candidate to fold into sumu,,A,<sumu>
sumu,sumu,済む,すむ,to be finished; can get by (notable for 〜ずに済む / 〜ないで済む 'get by without'),,casual-spoken|polite-spoken|written-modern,none,uncommon,N2,other,,,med,kept for grammatical 〜ずに済む/〜ないで済む,,A,
sunawachi,sunawachi,すなわち,すなわち,namely; that is to say,,polite-spoken|written-modern,none,uncommon,N1,connective,,,high,,,I,<tsumari>
sura,sura,すら,すら,"even (emphatic, formal/literary)",,written-modern|literary,none,uncommon,N1,particle,,,high,,,A|I,<dani> ;; <sae>
suru to,suru-to,すると,すると,thereupon; and then; if that's so,,casual-spoken|polite-spoken|written-modern,none,common,N3,connective,,,high,,,B,
sõda,souda,そうだ,そうだ,I hear that; reportedly (hearsay) — plain form + そうだ,,casual-spoken|polite-spoken|written-modern,none,common,N4,quotation,,,high,hearsay そうだ; distinct from appearance/looks そうだ,,B,[ hearsay ]
sā,saa,さあ,さあ,well; come now; let's (hesitation / urging),,casual-spoken|polite-spoken,none,common,N3,interjection,,,high,,,A,<sate>
sō ka to itte,sou-ka-to-itte,そうかといって,そうかといって,even so; but then again; that said,,casual-spoken|polite-spoken|written-modern,none,uncommon,N1,connective,,,high,,,A|I,<to itte>
sō ni naru,sou-ni-naru,そうになる,そうになる,almost ~; came close to ~ing (on the verge),,casual-spoken|polite-spoken|written-modern,none,common,N3,modality,masu-stem,,high,〜そうになる 'on the verge of',,I,
sō shita,sou-shita,そうした,そうした,such; that kind of (adnominal),,casual-spoken|polite-spoken|written-modern,none,uncommon,N2,adverbial,,,med,adnominal そうした 'such',,I,<kō shita>
ta nari (de),ta-nari-de,たなり,たなり,remaining in the state of (having done); just as ~,,written-modern|literary,none,uncommon,N1,connective,ta-form,,med,〜たなり(で) 'left/remaining in a state'; cf mama,,A,
ta tokoro de,ta-tokoro-de,たところで,たところで,even if (one did); no matter how ~ (futile),,polite-spoken|written-modern,none,uncommon,N1,connective,ta-form|tokoro,,high,,,I,
tabi ni,tabi-ni,度に,たびに,every time; whenever,,casual-spoken|polite-spoken|written-modern,none,common,N3,connective,,,high,,,A|I,<ni tsuke>
tachi,tachi,たち,たち,"plural suffix for people (私たち, 子供たち)",,casual-spoken|polite-spoken|written-modern,none,common,N5,other,,,high,pluralizing suffix たち,,B,
tada,tada,ただ,ただ,only; merely; just — also 'but; however' as a connective,,casual-spoken|polite-spoken|written-modern,none,common,N3,connective,,,med,multi-sense ただ (merely / but),,A|I,<tadashi> ;; <tan ni>
tada no,tada-no,ただの,ただの,mere; just an ordinary ~,,casual-spoken|polite-spoken|written-modern,none,uncommon,N2,adverbial,,,high,,,A|I,<ni suginai> ;; <takaga>
tadashi,tadashi,ただし,ただし,however; provided that (proviso),,polite-spoken|written-modern,none,uncommon,N2,connective,,,high,,,A,
tai,tai,たい,たい,want to (do) — V-stem + たい,,casual-spoken|polite-spoken|written-modern,none,essential,N5,modality,masu-stem,,high,,,B,
taihen,taihen,大変,たいへん,very; terribly; awfully (intensifier),,casual-spoken|polite-spoken|written-modern,none,common,N4,adverbial,,,high,,,I,<nakanaka>
takaga,takaga,たかが,たかが,merely; only; at most (dismissive),,casual-spoken|polite-spoken|written-modern,none,uncommon,N1,adverbial,,,high,,,A,
taku to mo (~nai),taku-to-mo-nai,たくとも〜ない,たくとも〜ない,"even if one wants to ~, (cannot)",,written-modern|literary,none,rare,N1,modality,tai,,low,"OCR variant of 〜（し）たくても〜ない 'even wanting to, can't'; cf takute-mo-nai",,A,<yo ni mo (~nai)>
takusan,takusan,たくさん,たくさん,a lot; many; plenty,,casual-spoken|polite-spoken|written-modern,none,common,N5,adverbial,,,med,borderline lexical たくさん 'many/a lot',,B,<ōi>
takute mo (~nai),takute-mo-nai,たくても〜ない,たくても〜ない,"even if one wants to ~, (cannot)",,casual-spoken|polite-spoken|written-modern,none,uncommon,N1,modality,tai|te-mo,,med,"〜たくても〜ない 'even wanting to, cannot'; cf taku-to-mo-nai",,A,<yo ni mo (~nai)>
tama ni wa,tama-ni-wa,たまには,たまには,once in a while; occasionally,,casual-spoken|polite-spoken|written-modern,none,common,N3,adverbial,,,high,,,A,<metta ni~nai>
tamaranai,tamaranai,たまらない,たまらない,can't stand it; unbearably (basis of 〜てたまらない),,casual-spoken|polite-spoken|written-modern,none,common,N3,modality,,,high,〜てたまらない 'unbearably' = te-tamaranai,,B|I,<naranai>
tame (ni),tame-ni,ために,ために,in order to (purpose); because of (reason),,casual-spoken|polite-spoken|written-modern,none,essential,N3,connective,,,high,purpose & reason ため(に),,A|B|I,<beku> ;; <koto de> ;; <sei> ;; <yue ni>
tame da,tame-da,ためだ,ためだ,it is because; the reason is that,,casual-spoken|polite-spoken|written-modern,none,common,N3,connective,tame-ni,,high,,,I,<koto ni yoru>
tan ni,tan-ni,単に,たんに,simply; merely,,polite-spoken|written-modern,none,common,N2,adverbial,,,high,,,A,
tan'i de,tani-de,単位で,たんいで,by units of; in units of,,polite-spoken|written-modern,none,uncommon,N2,particle,,,med,単位で 'in units of',,A,
tara,tara,たら,たら,if; when (conditional); how about (suggestion),,casual-spoken|polite-spoken|written-modern,none,essential,N4,conditional,ta-form,,high,,,B|I,<tokoro>
tara do desuka,tara-do-desuka,たらどうですか,たらどうですか,how about ~ing? (suggestion),,casual-spoken|polite-spoken,none,common,N4,modality,tara,,high,〜たらどうですか suggestion,,B,
tara ii ka,tara-ii-ka,たらいいか,たらいいか,what should I ~? (asking what would be good),,casual-spoken|polite-spoken|written-modern,none,common,N3,modality,tara,,high,,,A,<mono ka²>
tara ii no da ga,tara-ii-no-da-ga,たらいいのだが,たらいいのだが,I wish ~; it would be good if ~ (but),,casual-spoken|polite-spoken|written-modern,none,uncommon,N2,modality,tara,,med,wish 〜たらいいのだが,,A,<mono ka²>
tara ii noni,tara-ii-noni,たらいいのに,たらいいのに,I wish ~; if only ~ (regret/desire),,casual-spoken|polite-spoken|written-modern,none,common,N2,modality,tara,,high,,,A,<mono ka²>
tara sugu,tara-sugu,たらすぐ,たらすぐ,as soon as; right after ~ing,,casual-spoken|polite-spoken|written-modern,none,common,N3,connective,tara,,med,〜たらすぐ(に) 'as soon as',,I,<shidai>
tara sugu (ni),tara-sugu-2,たらすぐに,たらすぐに,as soon as; right after ~ing — duplicate entry,,casual-spoken|polite-spoken|written-modern,none,common,N3,connective,tara-sugu,,low,dup-suspect of tara-sugu,,A,<ya ina ya>
tari shitara,tari-shitara,たりしたら,たりしたら,if (one were to do) such things as ~,,casual-spoken|polite-spoken|written-modern,none,uncommon,N2,conditional,ta-form,,med,〜たりしたら hypothetical exemplar,,A,<yō mono nara>
taruya,taruya,たるや,たるや,as for; speaking of (literary topic-emphasis),,written-modern|literary,none,rare,N1,particle,,,med,literary 〜たるや topic-emphasis,,A,
tashika ni,tashika-ni,確かに,たしかに,certainly; indeed; admittedly,,casual-spoken|polite-spoken|written-modern,none,common,N3,adverbial,,,high,,,A|I,<ikanimo> ;; <naruhodo>
tashika ni ga,tashika-ni-ga,確かに〜が,たしかに〜が,admittedly ~ but (concessive pairing),,polite-spoken|written-modern,none,common,N3,connective,tashika-ni,,med,concessive frame 確かに...が,,I,
tatoete ieba,tatoete-ieba,たとえて言えば,たとえていえば,to use an analogy; figuratively speaking,,polite-spoken|written-modern,none,uncommon,N1,connective,,,high,,,A,<itte mireba>
tatta,tatta,たった,たった,only; merely; just (a small quantity),,casual-spoken|polite-spoken|written-modern,none,common,N3,adverbial,,,high,,,A|I,<tada> ;; <takaga>
te,te,て,て,"the て-form: links clauses, sequences actions, and forms soft requests",,casual-spoken|polite-spoken|written-modern,none,essential,N5,connective,,,high,〜て connective / request base form,,B,<kudasai>
te aru,te-aru,てある,てある,(something) has been done and remains so (resultant state),,casual-spoken|polite-spoken|written-modern,none,common,N4,aspect,te-form,,high,,,B,<aru '>
te bakari wa irarenai,te-bakari-wa-irarenai,てばかりはいられない,てばかりはいられない,can't keep just ~ing; can't afford to only ~,,casual-spoken|polite-spoken|written-modern,none,uncommon,N1,modality,te-form,,med,〜てばかりはいられない 'cannot keep only ~ing',,A,
te hajimete,te-hajimete,てはじめて,てはじめて,only after ~; not until ~ (did one),,casual-spoken|polite-spoken|written-modern,none,common,N2,connective,te-form,,high,,,I,
te hoshii,te-hoshii,てほしい,てほしい,want someone (else) to ~,,casual-spoken|polite-spoken|written-modern,none,common,N4,modality,te-form,,high,,,B,<hoshii '>
te iru,te-iru,ている,ている,be ~ing (progressive); resultant ongoing state,,casual-spoken|polite-spoken|written-modern,none,essential,N5,aspect,te-form,,high,,,B,<iru²>
te itadaku,te-itadaku,ていただく,ていただく,have someone do ~ (humble of てもらう),,polite-spoken|written-modern,kenjougo,common,N4,auxiliary,te-form|morau,,high,,,B,<morau²>
te kara,te-kara,てから,てから,after ~ing,,casual-spoken|polite-spoken|written-modern,none,essential,N5,connective,te-form,,high,,,B,<(no) ue de> ;; <kara²> ;; <te>
te kudasaru,te-kudasaru,てくださる,てくださる,someone kindly does ~ for me (honorific of てくれる),,polite-spoken|written-modern,sonkeigo,common,N4,auxiliary,te-form,,high,てくれる = kureru-2,,B,<kureru²>
te mo ii,te-mo-ii,てもいい,てもいい,may ~; it's all right to ~ (permission),,casual-spoken|polite-spoken|written-modern,none,essential,N5,modality,te-form,,high,,,B,
te moraitai,te-moraitai,てもらいたい,てもらいたい,want someone to ~ (= てほしい),,casual-spoken|polite-spoken|written-modern,none,common,N4,modality,morau,,high,cf te-hoshii,,B,<hoshii '>
te naranai,te-naranai,てならない,てならない,can't help feeling ~; unbearably ~,,polite-spoken|written-modern,none,uncommon,N2,modality,te-form,,high,cf te-tamaranai,,A,<te shikata ga nai>
te ne,te-ne,てね,てね,"(do) ~, okay? — soft request / sentence-final reminder",,casual-spoken|polite-spoken,none,common,N4,interjection,te-form,,med,〜てね soft request / sentence-final,,B,<ne>
te oku,te-oku,ておく,ておく,do ~ in advance / in preparation; leave ~ done,,casual-spoken|polite-spoken|written-modern,none,common,N4,aspect,te-form,,high,,,B,<oku>
te sashiageru,te-sashiageru,てさしあげる,てさしあげる,do ~ for someone (humble of てあげる),,polite-spoken|written-modern,kenjougo,uncommon,N3,auxiliary,ageru-2,,high,,,B,<ageru2>
te shikata ga nai,te-shikata-ga-nai,てしかたがない,てしかたがない,can't help (feeling) ~; extremely ~,,casual-spoken|polite-spoken|written-modern,none,common,N3,modality,te-form,,high,,,A|B,<(to i) ttara nai> ;; <tamaranai>
te shimau,te-shimau,てしまう,てしまう,do ~ completely; end up ~ing (often regrettably),,casual-spoken|polite-spoken|written-modern,none,essential,N4,aspect,te-form|shimau,,high,colloquial contraction = ちゃう/じゃう,,B,<shimau>
te tamaranai,te-tamaranai,てたまらない,てたまらない,unbearably ~; can't stand how ~,,casual-spoken|polite-spoken|written-modern,none,common,N3,modality,te-form|tamaranai,,high,cf te-shikata-ga-nai,,A|B,<(to i) ttara nai> ;; <tamaranai> ;; <te shikata ga nai>
te wa,te-wa,ては,ては,if/whenever ~ (then a bad result); repeated alternation,,casual-spoken|polite-spoken|written-modern,none,common,N2,connective,te-form,,high,,,A|I,<yōde wa>
te wa ikemasen,te-wa-ikemasen,てはいけません,てはいけません,must not ~ (polite prohibition),,polite-spoken,teineigo,essential,N5,modality,te-wa-ikenai,,high,,,A,<bekarazu/bekarazaru>
te wa ikenai,te-wa-ikenai,てはいけない,てはいけない,must not ~ (prohibition),,casual-spoken|polite-spoken|written-modern,none,essential,N5,modality,te-wa,,high,,,A|B|I,<Imperative> ;; <mono de wa nai> ;; <wa ikenai>
te wa irarenai,te-wa-irarenai,てはいられない,てはいられない,can't afford to keep ~ing; can't remain ~,,casual-spoken|polite-spoken|written-modern,none,uncommon,N2,modality,te-form,,high,,,A,
te wa naranai,te-wa-naranai,てはならない,てはならない,must not ~ (formal prohibition),,polite-spoken|written-modern,none,common,N2,modality,te-wa-ikenai,,high,formal variant of te-wa-ikenai,,B,<wa ikenai>
te yaru,te-yaru,てやる,てやる,do ~ for (an inferior/animal); (defiantly) I'll show them by ~ing,,casual-spoken|written-modern,none,common,N3,auxiliary,te-form,,high,,,B,<ageru2>
te yokatta,te-yokatta,てよかった,てよかった,I'm glad that ~; it was good that ~,,casual-spoken|polite-spoken|written-modern,none,common,N4,modality,te-form,,high,,,B,<ba yokatta>
ten (de),ten-de,点で,てんで,in the respect that; on the point of; regarding,,polite-spoken|written-modern,none,common,N2,particle,,,high,〜点で 'in terms of / regarding',,I,
to atte,to-atte,とあって,とあって,because (of the special circumstance that),,written-modern,none,uncommon,N1,connective,,,high,,,A,
to atte wa,to-atte-wa,とあっては,とあっては,if it's the case that; given that ~,,written-modern,none,uncommon,N1,conditional,to-atte,,high,,,A,
to bakari ni,to-bakari-ni,とばかりに,とばかりに,as if to say ~; as though ~,,written-modern|literary,none,uncommon,N1,connective,,,high,,,A,
to demo iu beki,to-demo-iu-beki,とでもいうべき,とでもいうべき,what one might call; so to speak,,written-modern|literary,none,rare,N1,modality,,,med,〜とでもいうべき 'what could be called',,A,
to dōji ni,to-douji-ni,と同時に,とどうじに,at the same time as; simultaneously; as well as,,polite-spoken|written-modern,none,common,N2,connective,,,high,,missing_only,A|I,<totan (ni)> ;; <ya ina ya>
to gyaku ni,to-gyaku-ni,と逆に,とぎゃくに,contrary to; conversely to,,polite-spoken|written-modern,none,uncommon,N2,connective,,,high,,,I,<ni hanshite/hansuru>
to ieba,to-ieba,といえば,といえば,speaking of ~; when it comes to ~,,casual-spoken|polite-spoken|written-modern,none,common,N3,connective,,,high,,,B|I,<to iu to>
to issho ni,to-issho-ni,と一緒に,といっしょに,together with,,casual-spoken|polite-spoken|written-modern,none,common,N4,connective,,,high,,,I,<to tomo ni>
to itsu (de) mo,to-itsu-de-mo,,,every time; whenever (per gloss 度に) — reconstruction uncertain,,casual-spoken|polite-spoken|written-modern,none,uncommon,N2,connective,tabi-ni,,low,ambiguous OCR 'to itsu (de) mo'; gloss→度に 'every time'; canonical unreconstructed,,I,<tabi ni>
to itta,to-itta,といった,といった,such as; like (giving representative examples),,casual-spoken|polite-spoken|written-modern,none,common,N2,particle,to-iu,,high,,,A,
to itta tokoro da,to-itta-tokoro-da,といったところだ,といったところだ,it's about ~; roughly; something like ~,,polite-spoken|written-modern,none,uncommon,N1,modality,to-itta,,high,,,A,
to ittara,to-ittara,といったら,といったら,speaking of ~; when it comes to ~ (also exclamatory 'how ~!'),,casual-spoken|polite-spoken|written-modern,none,common,N2,connective,,,high,,,B,<to ieba>
to itte,to-itte,といって,といって,saying that ~; just because ~ (often からといって),,casual-spoken|polite-spoken|written-modern,none,common,N2,connective,,,med,〜といって; overlaps からといって,,A,
to itte mo,to-itte-mo,といっても,といっても,even though I say ~; although ~,,casual-spoken|polite-spoken|written-modern,none,common,N2,connective,,,high,,,I,
to iu,to-iu,という,という,called ~; the ~ that (says); naming/quotative linker,,casual-spoken|polite-spoken|written-modern,none,essential,N4,quotation,,,high,,,A|B,<to demo iu beki> ;; <to itta> ;; <to no>
to iu fu ni,to-iu-fu-ni,というふうに,というふうに,in such a way that; like ~,,casual-spoken|polite-spoken|written-modern,none,common,N3,connective,to-iu,,high,,,I,
to iu ka,to-iu-ka,というか,というか,or rather; or should I say,,casual-spoken|polite-spoken,none,common,N2,connective,to-iu,,high,,,A,
to iu koto wa,to-iu-koto-wa,ということは,ということは,that is to say; which means that ~,,casual-spoken|polite-spoken|written-modern,none,common,N2,connective,to-iu,,high,,missing_only,I,<to iu no wa - koto da>
to iu no wa,to-iu-no-wa,というのは,というのは,the reason is that ~; meaning (introducing a definition/explanation),,casual-spoken|polite-spoken|written-modern,none,common,N3,connective,to-iu,,high,,,A,<to wa>
to iu no wa~koto da,to-iu-no-wa-koto-da,というのは〜ことだ,というのは〜ことだ,X means that ~ (definition frame),,polite-spoken|written-modern,none,uncommon,N2,connective,to-iu-no-wa,,med,definition frame というのは〜ことだ; dup-suspect of to-iu-no-wa,missing_only,,
to iu noni,to-iu-noni,というのに,というのに,even though ~; despite the fact that ~,,casual-spoken|polite-spoken|written-modern,none,common,N2,connective,to-iu,,high,,,I,
to iu to,to-iu-to,というと,というと,speaking of ~; when you say ~ (then),,casual-spoken|polite-spoken|written-modern,none,common,N3,connective,to-iu,,high,,,I,
to iu yori,to-iu-yori,というより,というより,rather than ~; more like ~,,casual-spoken|polite-spoken|written-modern,none,common,N3,connective,to-iu,,high,,,A,<to iu ka>
to iu yori (wa),to-iu-yori-wa,というよりは,というよりは,rather than ~ (than to say) — variant of というより,,casual-spoken|polite-spoken|written-modern,none,common,N2,connective,to-iu-yori,,med,dup-suspect of to-iu-yori (adds は),,I,
to iu yōna,to-iu-youna,というような,というような,such ~ as; ~ like (adnominal),,casual-spoken|polite-spoken|written-modern,none,common,N2,connective,to-iu,,high,,,A,<to itta>
to iu yōni,to-iu-youni,というように,というように,in such a way as ~; as if/that (manner),,casual-spoken|polite-spoken|written-modern,none,common,N2,connective,to-iu,,high,,,I,<to iu fu ni>
to iwan bakari ni,to-iwan-bakari-ni,と言わんばかりに,といわんばかりに,as if to say ~; almost saying ~,,written-modern|literary,none,uncommon,N1,connective,to-bakari-ni,,high,cf to-bakari-ni,,A,<to bakari ni>
to kitara,to-kitara,ときたら,ときたら,when it comes to ~; as for ~ (often critical),,casual-spoken|written-modern,none,uncommon,N1,connective,,,high,,,A|B,<ni itatte wa> ;; <taruya> ;; <to ieba>
to mo naku,to-mo-naku,ともなく,ともなく,without particular intention; somehow (~ともなく~),,written-modern|literary,none,uncommon,N1,connective,,,high,,,A,
to mo nashi ni,to-mo-nashi-ni,ともなしに,ともなしに,without conscious intent (= ともなく),,written-modern|literary,none,uncommon,N1,connective,to-mo-naku,,med,variant of to-mo-naku,,A,<to mo naku>
to mo sureba,to-mo-sureba,ともすれば,ともすれば,tend to; be apt/liable to ~,,written-modern,none,uncommon,N1,adverbial,,,high,,,A,<to mo suru to>
to mo suru to,to-mo-suru-to,ともすると,ともすると,tend to; apt to ~ (= ともすれば),,written-modern,none,uncommon,N1,adverbial,to-mo-sureba,,high,cf to-mo-sureba,,A,
to naku,to-naku,となく,となく,"indefinitely ~ (どこへともなく, 幾度となく)",,written-modern|literary,none,rare,N1,connective,to-mo-naku,,med,〜となく indefinite; related to to-mo-naku,,A,<to mo naku>
to narande,to-narande,と並んで,とならんで,alongside; on a par with,,polite-spoken|written-modern,none,uncommon,N2,connective,,,high,,,I,<to tomo ni>
to naru,to-naru,となる,となる,to become; to come to be (formal result),,polite-spoken|written-modern,none,common,N3,other,,,high,となる 'become' (formal result); cf になる,,I,
to naru to,to-naru-to,となると,となると,when it comes to ~; if it becomes the case that ~,,casual-spoken|polite-spoken|written-modern,none,common,N2,connective,to-naru,,high,,,I,<to suru '>
to no,to-no,との,との,the ~ that (said) — quotative modifying a noun (= という before noun),,polite-spoken|written-modern,none,uncommon,N2,quotation,to-iu,,high,との adnominal quotative,,A,
to no koto,to-no-koto,とのこと,とのこと,I hear that ~; reportedly (reported information),,polite-spoken|written-modern,none,uncommon,N2,quotation,to-no,,high,,,A,<yoshi>
to onaji kurai,to-onaji-kurai,と同じくらい,とおなじくらい,about the same as; as ~ as,,casual-spoken|polite-spoken|written-modern,none,common,N3,connective,,,high,,,A,<-nami>
to onajiku,to-onajiku,と同じく,とおなじく,the same as; likewise,,polite-spoken|written-modern,none,uncommon,N2,connective,to-onaji-kurai,,high,,,I,<to tomo ni>
to shite,to-shite,として,として,as (in the capacity/role of),,casual-spoken|polite-spoken|written-modern,none,common,N3,particle,,,high,,,B,
to shite wa,to-shite-wa,としては,としては,as for; from the standpoint of ~,,casual-spoken|polite-spoken|written-modern,none,common,N3,particle,to-shite,,high,,,B,
to sugu (ni),to-sugu-ni,とすぐに,とすぐに,as soon as; right after,,casual-spoken|polite-spoken|written-modern,none,common,N3,connective,suru-to|sugu,,med,〜とすぐ(に) 'as soon as'; cf tara-sugu,,A,<ya ina ya>
to suru to,to-suru-to,とすると,とすると,assuming that; if we suppose that ~,,casual-spoken|polite-spoken|written-modern,none,common,N3,connective,,,high,,,I,<to naru to>
to tomo ni,to-tomo-ni,とともに,とともに,together with; along with; as ~ (changes),,casual-spoken|polite-spoken|written-modern,none,common,N2,connective,,,high,,,I,<to dōji ni>
to wa,to-wa,とは,とは,what is called ~ (definition); the fact that ~ (exclamatory surprise),,casual-spoken|polite-spoken|written-modern,none,common,N2,particle,,,med,とは definition & exclamatory-surprise (multi-sense),missing_only,A,<koto ni>
to wa ie,to-wa-ie,とはいえ,とはいえ,even so; although; nevertheless,,polite-spoken|written-modern,none,uncommon,N1,connective,,,high,,,A,
to wa kagiranai,to-wa-kagiranai,とは限らない,とはかぎらない,not necessarily ~; not always the case that ~,,casual-spoken|polite-spoken|written-modern,none,common,N3,modality,,,high,,,I,
toka,toka,とか,とか,things like ~; ~ or something (vague listing or hedged statement),,casual-spoken|polite-spoken|written-modern,none,common,N4,particle,,,high,hearsay/uncertain-info 〜とか(で) sense split to toka-2 (external N2 collision-resolution); this node = listing/vague とか,,A|B,<dano>
toki,toki,とき / 時,とき,when ~; at the time that ~ (temporal clause),,casual-spoken|polite-spoken|written-modern,none,essential,N5,connective,,,high,,,A|B|I,<ni atatte/atari> ;; <ori (ni)>
toki (ni) wa,toki-ni-wa,ときには,ときには,at times; sometimes; on occasions when ~,,casual-spoken|polite-spoken|written-modern,none,common,N3,connective,toki,,high,,,I,<tabi ni>
toki ni,toki-ni,ときに,ときに,by the way (topic shift); at the time of ~,,polite-spoken|written-modern,none,uncommon,N2,connective,toki,,med,topic-shift 'by the way' vs temporal 'at the time' — see-alsos <naka o>/<sai (ni)> point to temporal,,A|I,<naka o> ;; <sai (ni)>
toki tama shika 2 nai,tokitama-shika-nai,,,only once in a while; rarely (...しか〜ない emphatic-negative),,casual-spoken|written-modern,none,rare,none,adverbial,shika-nai,,low,OCR garble ('2'); reconstructed as ときたま/たまにしか〜ない from see-also <metta ni~nai>,,A,<metta ni~nai>
tokoro,tokoro,ところ,ところ,the point/moment of an action; just about to / in the middle of / just finished ~,"[{""label"":""about to"",""canonical"":""〜るところ"",""meaning"":""just about to do""},{""label"":""in progress"",""canonical"":""〜ているところ"",""meaning"":""in the middle of doing""},{""label"":""just finished"",""canonical"":""〜たところ"",""meaning"":""have just done""}]",casual-spoken|polite-spoken|written-modern,none,common,N4,nominalizer,ta-form|te-iru,,high,,,I,
tokoro ga,tokoro-ga,ところが,ところが,however; but (contrary to expectation),,casual-spoken|polite-spoken|written-modern,none,common,N3,connective,tokoro,,high,,,I,
tokoro kara,tokoro-kara,ところから,ところから,from the fact that ~; because ~,,written-modern,none,uncommon,N2,connective,tokoro,,med,reconstructed; ところから causal/origin use,,A,
tokorode,tokoro-de,ところで,ところで,by the way (topic shift); even if ~ (futile concession),"[{""label"":""topic shift"",""canonical"":""ところで"",""meaning"":""by the way""},{""label"":""concessive"",""canonical"":""〜たところで"",""meaning"":""even if ~ (it's no use)""}]",casual-spoken|polite-spoken|written-modern,none,common,N3,connective,tokoro,,med,two senses (topic-shift conjunction vs 〜たところで futile-concession); see-also <sate> points to topic-shift,,A,<sate>
toku,toku,〜とく,とく,colloquial contraction of 〜ておく (do in advance / for later),,casual-spoken,none,common,N4,aspect,te-oku,,med,colloquial contraction; see-also <oku>,,B,<oku>
tomo,tomo,とも,とも,of course / certainly (emphatic); even if ~; both/all (with quantifiers),,casual-spoken|written-modern|literary,none,uncommon,N2,particle,,,med,"multi-sense bare romaji (emphatic とも / concessive 〜とも / 〜ども); see-alsos <domo>,<sa>",,A|I,<domo> ;; <sa>
tonikaku,tonikaku,とにかく,とにかく,anyway; in any case; at any rate,,casual-spoken|polite-spoken|written-modern,none,common,N3,adverbial,,,high,,,I,<nanishiro>
toriaezu,toriaezu,とりあえず,とりあえず,for now; first of all; without delay,,casual-spoken|polite-spoken|written-modern,none,common,N2,adverbial,,,high,,,A,<ichiō>
totan (ni),totan-ni,途端(に),とたん(に),the moment that ~; just as ~,,casual-spoken|polite-spoken|written-modern,none,common,N3,connective,ta-form,,high,,,A|I,<ya ina ya>
totemo,totemo,とても,とても,very (affirmative); (not) at all / cannot possibly (with negative),,casual-spoken|polite-spoken|written-modern,none,essential,N5,adverbial,,,high,,,I,<nakanaka>
totemo nai,totemo-nai,とても〜ない,とても〜ない,cannot possibly ~; by no means ~,,casual-spoken|polite-spoken|written-modern,none,common,N3,adverbial,totemo,,high,negative-pairing sense of とても; possible merge with totemo,,A,
tsui,tsui,つい,つい,unintentionally; before one realizes; just (now/recently),,casual-spoken|polite-spoken|written-modern,none,common,N3,adverbial,,,high,,,A,
tsui ni,tsui-ni,ついに,ついに,finally; at last; in the end,,casual-spoken|polite-spoken|written-modern,none,common,N2,adverbial,,,high,,,A,<tōtō>
tsuide ni,tsuide-ni,ついでに,ついでに,while at it; on the occasion of (doing something else),,casual-spoken|polite-spoken|written-modern,none,common,N3,connective,,,high,,,A,
tsuite wa,tsuite-wa,ついては,ついては,regarding ~; therefore / accordingly (formal connective),,polite-spoken|written-modern,none,uncommon,N2,connective,,,med,につき/ついては formal 'regarding/therefore',,I,
tsumari,tsumari,つまり,つまり,in other words; that is to say; in short,,casual-spoken|polite-spoken|written-modern,none,common,N3,connective,,,high,,missing_only,,
tsumori,tsumori,つもり,つもり,intend to ~; be convinced that ~,,casual-spoken|polite-spoken|written-modern,none,essential,N4,modality,,,high,,,I,
tsutsu,tsutsu,つつ,つつ,while ~ing (simultaneous); although / even though (つつも),,written-modern|literary,none,uncommon,N2,connective,masu-stem,,high,てくれる-style literary-leaning; simultaneous vs concessive つつ(も),missing_only,,
tsuzuke da,tsuzuke-da,,,keep on ~ing / left in a continuing state,,casual-spoken|written-modern,none,rare,none,aspect,tsuzukeru,,low,OCR-uncertain; see-also <-ppanashi>; possible merge with tsuzukeru / っぱなし,,I,<-ppanashi>
tsuzukeru,tsuzukeru,〜続ける,つづける,continue ~ing; keep doing (compound-verb auxiliary),,casual-spoken|polite-spoken|written-modern,none,common,N4,aspect,masu-stem,,high,,,I,<-ppanashi>
ttara,ttara,ったら,ったら,speaking of ~ (exasperated/emphatic topic); as for ~,,casual-spoken,none,common,N2,particle,,,med,colloquial ったら; emphatic-topic vs conditional contraction; see-also <to ieba>,,B,<to ieba>
tōri (ni),toori-ni,通り(に),とおり(に),just as ~; in the way that ~,,casual-spoken|polite-spoken|written-modern,none,common,N3,nominalizer,,,high,,,I,
tōtei nai,toutei-nai,とうてい〜ない,とうてい〜ない,cannot possibly ~; by no means ~,,polite-spoken|written-modern,none,uncommon,N2,adverbial,,,med,とうてい with negative; see-also <totemo - nai>,,A,<totemo - nai>
tōtō,toutou,とうとう,とうとう,finally; at last; in the end (often of an inevitable outcome),,casual-spoken|polite-spoken|written-modern,none,common,N3,adverbial,,,high,,,I,<yatto>
tōzen da,touzen-da,当然だ,とうぜんだ,it is natural/obvious that ~; of course,,casual-spoken|polite-spoken|written-modern,none,common,N2,modality,,,med,borderline lexical (当然) but functions as modal evaluation; see-also <mono de wa nai>,,A,<mono de wa nai>
toka de,toka-de,とかで,とかで,because of something like ~ (hedged hearsay reason),,casual-spoken|polite-spoken,none,uncommon,N2,connective,toka,,med,とかで hearsay-reason,,I,
uchi ni,uchi-ni,うちに,うちに,while ~; before ~ (do something during/before a state ends),,casual-spoken|polite-spoken|written-modern,none,common,N4,connective,,,high,,,B,
uchi wa,uchi-wa,うちは,うちは,as long as ~; while ~ (the state continues),,casual-spoken|polite-spoken|written-modern,none,uncommon,N3,connective,uchi-ni,,med,うちは vs うちに; see-also <kagiri '>,,I,<kagiri '>
ue (ni),ue-ni,上(に),うえ(に),in addition to ~; on top of ~ (and moreover),,casual-spoken|polite-spoken|written-modern,none,common,N2,connective,,,high,,,I,<sono ue>
ukkari,ukkari,うっかり,うっかり,carelessly; absent-mindedly; by mistake,,casual-spoken|polite-spoken|written-modern,none,common,N2,adverbial,,,med,borderline lexical adverb; see-also <tsui>,,A,<tsui>
wa 2 ga,wa-ga,〜は〜が,〜は〜が,topic は marks the theme while が marks the subject within it (X は Y が ...),,casual-spoken|polite-spoken|written-modern,none,essential,N5,particle,wa|ga-3,,med,OCR '2'; reconstructed as は〜が double-particle topic/subject construction,,B,
wa are,wa-are,〜はあれ,〜はあれ,"even if there is ~ (concessive, literary)",,literary|written-modern,none,rare,N1,connective,,,low,"bare romaji, literary はあれ concessive reconstructed",,A,
wa atte mo,wa-atte-mo,〜はあっても,〜はあっても,even if there is ~ (concessive),,written-modern|literary,none,rare,N1,connective,wa-are|te-mo,,med,see-also <wa are>; possible merge with wa-are,,A,<wa are>
wa betsu to shite,wa-betsu-to-shite,〜は別として,〜はべつとして,apart from ~; setting ~ aside,,polite-spoken|written-modern,none,common,N2,connective,to-shite,,high,,,A,
wa da,wa-da,〜は〜だ,〜は〜だ,topic-comment: X は Y だ (X is Y),,casual-spoken|written-modern,none,essential,N5,copula,wa|desu,,med,bare romaji; basic は〜だ topic-comment frame,,B,
wa ii to shite mo,wa-ii-to-shite-mo,〜はいいとしても,〜はいいとしても,even granting that ~ is fine/acceptable,,polite-spoken|written-modern,none,uncommon,N1,connective,to-shite-mo,,med,はいいとしても concessive reconstructed,,A,
wa iu made mo naku,wa-iu-made-mo-naku,〜は言うまでもなく,〜はいうまでもなく,needless to say ~; not to mention ~,,polite-spoken|written-modern,none,uncommon,N1,connective,,,high,see-also <wa oroka>,,A|I,<wa oroka>
wa iu ni oyobazu,wa-iu-ni-oyobazu,〜は言うに及ばず,〜はいうにおよばず,needless to say ~; not only ~ (but also),,written-modern|literary,none,rare,N1,connective,wa-iu-made-mo-naku,,med,literary; merge-family with wa-iu-made-mo-naku / wa-oroka,,A|I,<wa iu made mo naku> ;; <wa oroka>
wa mochiron,wa-mochiron,〜はもちろん,〜はもちろん,~ of course; not to mention ~ (as well as),,casual-spoken|polite-spoken|written-modern,none,common,N2,connective,,,high,"see-also <wa iu made mo naku>,<wa oroka>",,A|I,<wa iu made mo naku> ;; <wa oroka>
wa sate oki,wa-sate-oki,〜はさておき,〜はさておき,setting ~ aside; leaving ~ for now,,polite-spoken|written-modern,none,uncommon,N1,connective,wa-betsu-to-shite,,med,see-also <wa betsu to shite>,,A,<wa betsu to shite>
wa- desu,wa-desu,〜は〜です,〜は〜です,"topic-comment, polite: X は Y です (X is Y)",,polite-spoken,teineigo,essential,N5,copula,wa-da|desu,,med,polite form of wa-da; see-also <~wa da>,,B,<~wa da>
"wake da Dica B ,",wake-da,わけだ,わけだ,that means ~; no wonder ~; it follows that ~,,casual-spoken|polite-spoken|written-modern,none,common,N3,modality,,,high,OCR noise 'Dica B' stripped from term,,I,
wake de wa nai,wake-de-wa-nai,わけではない,わけではない,it's not that ~; not necessarily ~ (partial denial),,casual-spoken|polite-spoken|written-modern,none,common,N3,modality,wake-da,,high,,,I,
wake ni wa ikanai,wake-ni-wa-ikanai,わけにはいかない,わけにはいかない,cannot (afford to) ~; must not ~ (for social/moral reasons),,casual-spoken|polite-spoken|written-modern,none,common,N3,modality,wake-da,,high,see-also <te wa irarenai>,,A|I,<te wa irarenai>
wakeru,wakeru,分ける,わける,divide; separate (main verb),,casual-spoken|polite-spoken|written-modern,none,rare,none,other,,,low,"lexical (分ける 'divide'), not grammar — candidate to drop",,B,
wari ni (wa),wari-ni-wa,割に(は),わりに(は),"considering ~; relatively / for (something), unexpectedly",,casual-spoken|polite-spoken|written-modern,none,common,N3,connective,,,high,,,A,
wariai,wariai,割合,わりあい,comparatively; relatively (adverbial),,casual-spoken|polite-spoken|written-modern,none,uncommon,N2,adverbial,wari-ni-wa,,med,borderline lexical adverb; see-also <kekkō>,,I,<kekkō>
wazawaza,wazawaza,わざわざ,わざわざ,go out of one's way to ~; take the trouble to ~,,casual-spoken|polite-spoken|written-modern,none,common,N3,adverbial,,,high,,,B,<sekkaku>
wazuka,wazuka,僅か,わずか,only; a mere; just a little,,casual-spoken|polite-spoken|written-modern,none,uncommon,N2,adverbial,,,med,borderline lexical (僅か); adverbial-quantifier use; see-also <sukunai>,,B,<sukunai>
ya ina ya,ya-ina-ya,や否や,やいなや,as soon as ~; the instant that ~,,written-modern|literary,none,uncommon,N1,connective,,,high,,,A,
yahari,yahari,やはり,やはり,as expected; after all; also / likewise,,polite-spoken|written-modern,none,common,N3,adverbial,,,high,see-also <sasuga>,,B|I,<sasuga>
yahari/yappari,yahari-yappari,やはり / やっぱり,やはり / やっぱり,as expected; after all (formal/casual pair),,casual-spoken|polite-spoken|written-modern,none,common,N3,adverbial,yahari,,low,combined-form OCR row; duplicate of yahari/yappari — merge candidate,,A,<beku shite> ;; <hatashite>
yappari,yappari,やっぱり,やっぱり,as expected; after all (casual form of yahari),,casual-spoken,none,common,N3,adverbial,yahari,,high,casual variant of yahari; see-also <yahari>,,B,<yahari>
yara,yara,やら,やら,things like ~; ~ or something (uncertainty / vague listing),,casual-spoken|written-modern,none,uncommon,N2,particle,,,med,bare romaji; uncertainty やら vs listing やら〜やら,,A,
yasui,yasui,〜やすい,やすい,easy to ~; tend to ~ (verb stem + やすい),,casual-spoken|polite-spoken|written-modern,none,essential,N4,auxiliary,masu-stem,,high,pairs with zurai/-gatai; see-also <-ppoi>,,B|I,<-ppoi>
yatto,yatto,やっと,やっと,finally; at last; barely / only just,,casual-spoken|polite-spoken|written-modern,none,common,N3,adverbial,,,high,see-also <tōtō>,,I,<tōtō>
yaya mo sureba,yaya-mo-sureba,ややもすれば,ややもすれば,tend to ~; be apt/prone to ~,,written-modern|literary,none,rare,N1,adverbial,,,med,see-also <to mo suru to>; merge candidate with yaya-mo-suru-to,,A,<to mo suru to>
yaya mo suru to,yaya-mo-suru-to,ややもすると,ややもすると,tend to ~; be apt/prone to ~,,written-modern|literary,none,rare,N1,adverbial,yaya-mo-sureba,,med,variant of yaya-mo-sureba; merge candidate,,A,<to mo suru to>
yo,yo,よ,よ,sentence-final particle asserting/emphasizing information to the listener,,casual-spoken|polite-spoken,none,essential,N5,particle,,,high,"see-alsos <sa>,<zo>",,I,<sa> ;; <zo>
yo ne,yo-ne,よね,よね,~ right? (assert + seek agreement),,casual-spoken|polite-spoken,none,common,N5,particle,yo,,high,see-also <ne>,,B,<ne>
yo ni mo (~nai),you-ni-mo-nai,〜ようにも〜ない,〜ようにも〜ない,"even if one wanted to ~, one cannot",,written-modern|polite-spoken,none,uncommon,N1,modality,volitional-form,,med,macron-dropped OCR (yō); reconstructed ようにも〜ない,,A,
yo to/ga,you-to-ga,〜ようと / 〜ようが,〜ようと / 〜ようが,whether ~ or not; no matter ~ (volitional concessive),,written-modern|polite-spoken,none,uncommon,N2,connective,volitional-form,,med,macron-dropped OCR; ようと/ようが concessive,,A,
yomoya,yomoya,よもや,よもや,surely not ~; (one would) hardly expect that ~,,written-modern|literary,none,rare,N1,adverbial,,,med,see-also <masaka>,,I,<masaka>
yona,yona,〜ような / 〜よな,〜ような / よな,like ~; ~-ish (adnominal of ようだ); casual よな emphatic,,casual-spoken|written-modern,none,common,N4,modality,youda,,med,adnominal ような vs casual よな; see-also <-ppoi>,,I,<-ppoi>
yoshi,yoshi,〜(よ)うと / よし,よし,even if ~; granted that ~ (classical concessive),,literary|archaic,none,rare,none,connective,,,low,"bare romaji vol A, no gloss; concessive よし reconstructed — could be lexical 良し",,A,
yue ni,yue-ni,故に,ゆえに,therefore; because of ~; on account of ~,,written-modern|literary,none,uncommon,N1,connective,,,high,,,A,
yō mono nara,you-mono-nara,〜ようものなら,〜ようものなら,if (by chance) ~ were to happen (then bad consequences),,written-modern|polite-spoken,none,uncommon,N1,conditional,volitional-form,,med,ようものなら ominous-conditional,,A,
yō to omou,you-to-omou,〜ようと思う,〜ようとおもう,intend to ~; be thinking of ~ing,,casual-spoken|polite-spoken|written-modern,none,essential,N4,modality,volitional-form,,high,,,B,
yō to suru,you-to-suru,〜ようとする,〜ようとする,try to ~; be about to ~,,casual-spoken|polite-spoken|written-modern,none,essential,N4,aspect,volitional-form,,high,"see-alsos <miru>,<n to suru>",,A|B,<miru> ;; <n to suru>
yō tomo,you-tomo,〜ようとも,〜ようとも,even if ~; no matter ~ (volitional concessive),,written-modern|literary,none,uncommon,N1,connective,volitional-form|you-to-ga,,med,see-also <yō to/ga>; merge family with you-to-ga,,A,<yō to/ga>
yō ttatte,you-ttatte,〜ようたって,〜ようたって,even if one tries to ~ (colloquial),,casual-spoken,none,rare,N1,connective,volitional-form|you-ni-mo-nai,,low,colloquial ようたって; see-also <yō ni mo (~nai)>,,A,<yō ni mo (~nai)>
yōda,youda,ようだ,ようだ,it seems / looks like ~; ~ as if (conjecture & resemblance),,casual-spoken|polite-spoken|written-modern,none,essential,N4,modality,,,high,see-also <gotoshi>,,A|B,<gotoshi>
yōde wa,youde-wa,〜ようでは,〜ようでは,if it is the case that ~ (then a negative judgment follows),,polite-spoken|written-modern,none,uncommon,N2,conditional,youda,,med,ようでは critical-conditional,,A,
yōni,youni,ように,ように,like ~ (resemblance); so that ~ (purpose); in such a way that ~,"[{""label"":""resemblance"",""canonical"":""〜ように"",""meaning"":""like / as""},{""label"":""purpose"",""canonical"":""〜ように"",""meaning"":""so that / in order to""},{""label"":""manner"",""canonical"":""〜ように"",""meaning"":""in the way that""}]",casual-spoken|polite-spoken|written-modern,none,essential,N4,connective,youda,,high,"multi-sense ように (like / purpose / manner); glosses 'like',<-kata o suru>,<fu ni>,<tōri (ni)>",,B|I,""" like "" ;; <-kata o suru> ;; <fu ni> ;; <tōri (ni)>"
yōni iu,youni-iu,〜ように言う,〜ようにいう,tell someone to ~ (indirect request/command),,casual-spoken|polite-spoken|written-modern,none,common,N3,quotation,youni,,med,ように+言う indirect-command,,B,
yōni naru,youni-naru,〜ようになる,〜ようになる,come to ~; reach the point where ~ (change of state),,casual-spoken|polite-spoken|written-modern,none,essential,N4,aspect,youni,,high,,,B,
yōni suru,youni-suru,〜ようにする,〜ようにする,make an effort to ~; see to it that ~,,casual-spoken|polite-spoken|written-modern,none,essential,N4,aspect,youni,,high,,,B,
yōsuru ni,yousuru-ni,要するに,ようするに,in short; to sum up; in essence,,polite-spoken|written-modern,none,common,N2,connective,,,high,see-also <tsumari>,,I,<tsumari>
yōyaku,youyaku,漸く,ようやく,finally; at last; gradually,,polite-spoken|written-modern,none,common,N2,adverbial,,,high,see-also <yatto>,,I,<yatto>
zaru o enai,zaru-o-enai,〜ざるを得ない,〜ざるをえない,cannot help but ~; have no choice but to ~,,polite-spoken|written-modern,none,common,N2,modality,nai-form,,high,see-also <yori/no hoka (ni) (wa)~nai>,,A,<yori/no hoka (ni) (wa)~nai>
zenbu wa nai,zenbu-wa-nai,全部は〜ない,ぜんぶは〜ない,not all ~; not entirely ~ (partial negation),,casual-spoken|polite-spoken|written-modern,none,uncommon,N3,adverbial,,,med,partial-negation 全部は〜ない; see-also <kanarazushimo>,,I,<kanarazushimo>
zenzen,zenzen,全然,ぜんぜん,(not) at all (with negative); totally / completely (colloquial affirmative),,casual-spoken|polite-spoken|written-modern,none,essential,N4,adverbial,,,high,see-also <amari>,,B,<amari>
zenzen~nai,zenzen-nai,全然〜ない,ぜんぜん〜ない,not at all ~; not in the least ~,,casual-spoken|polite-spoken|written-modern,none,common,N4,adverbial,zenzen,,high,negative-pairing sense of zenzen; merge candidate with zenzen,,A,<issai~nai> ;; <metta ni~nai> ;; <nani- nai> ;; <nanra~nai>
zettaini,zettai-ni,絶対に,ぜったいに,absolutely; definitely; (with negative) never,,casual-spoken|polite-spoken|written-modern,none,essential,N3,adverbial,,,high,see-also <zu ni wa okanai>,,A,<zu ni wa okanai>
zu,zu,〜ず,ず,not ~; without ~ing (classical negative auxiliary),,written-modern|literary,none,uncommon,N2,auxiliary,nai-form,,high,"see-alsos <-naku>,<-nu>",,I,<-naku> ;; <-nu>
zu ni,zu-ni,〜ずに,〜ずに,without ~ing (instead of doing),,polite-spoken|written-modern,none,common,N3,connective,zu,,high,"see-alsos <(no) kawari ni>,<-nai de>,<nashi ni>,<zu shite>",,A|B|I,<(no) kawari ni> ;; <-nai de> ;; <nashi ni> ;; <zu shite>
zu ni wa irarenai,zu-ni-wa-irarenai,〜ずにはいられない,〜ずにはいられない,cannot help but ~; cannot refrain from ~ing,,polite-spoken|written-modern,none,uncommon,N2,modality,zu-ni,,high,see-also <te wa irarenai>,,A,<te wa irarenai>
zu ni wa okanai,zu-ni-wa-okanai,〜ずにはおかない,〜ずにはおかない,will definitely ~; won't stop until ~ (inevitable),,written-modern|literary,none,rare,N1,modality,zu-ni,,med,ずにはおかない strong-volition/inevitability,,A,
zu ni wa orarenai/orenai/irarenai,zu-ni-wa-orarenai,〜ずにはおられない,〜ずにはおられない,cannot help but ~ (humble/regional variant of ずにはいられない),,polite-spoken|written-modern,none,rare,N1,modality,zu-ni|zu-ni-wa-irarenai,,med,variant spelling of zu-ni-wa-irarenai; merge candidate,missing_only,,
zu shite,zu-shite,〜ずして,〜ずして,without ~ing; before ~ (literary),,written-modern|literary,none,rare,N1,connective,zu,,med,literary ずして,,A,
zu tomo,zu-tomo,〜ずとも,〜ずとも,even without ~ing; even if not ~ (literary),,written-modern|literary,none,rare,N1,connective,zu,,med,literary ずとも concessive,,A,
zurai,zurai,〜づらい,づらい,hard to ~; difficult to ~ (verb stem + づらい),,casual-spoken|polite-spoken|written-modern,none,common,N3,auxiliary,masu-stem,,high,pairs with yasui; see-also <-gatai>,,I,<-gatai>
zutsu,zutsu,〜ずつ,ずつ,~ each; ~ apiece; ~ at a time,,casual-spoken|polite-spoken|written-modern,none,common,N4,particle,counter,,high,see-also <tan'i de>,,A|B,<tan'i de>
~bakari de (wa) naku~(mo),bakari-de-wa-naku-4,〜ばかりでなく〜(も),〜ばかりでなく〜(も),not only ~ but also ~,,polite-spoken|written-modern,none,common,N3,connective,bakari,,med,duplicate of bakari-de-wa-naku family — merge candidate; see-also <wa iu made mo naku>,,A,<wa iu made mo naku>
~bakari ka~(sae),bakari-ka,〜ばかりか〜(さえ),〜ばかりか〜(さえ),not only ~ but even ~,,polite-spoken|written-modern,none,uncommon,N2,connective,bakari,,high,,,I,
~da no~da no to,da-no-da-no,〜だの〜だの,〜だの〜だの,things like ~ and ~; ~ and ~ and so on (often complaining),,casual-spoken|written-modern,none,uncommon,N1,particle,,,med,see-also <no no to>,,A,<no no to>
~de arō to~de arō to,de-arou-to-de-arou-to,〜であろうと〜であろうと,〜であろうと〜であろうと,whether ~ or ~; regardless of whether ~ or ~,,written-modern|literary,none,rare,N1,connective,de-are-de-are,,med,see-also <~de are -de are>; merge candidate with de-are-de-are,,A,<~de are -de are>
~demo demo,demo-demo,〜でも〜でも,〜でも〜でも,whether ~ or ~; any (wh-word) + でも (no matter what/who/where),,casual-spoken|polite-spoken|written-modern,none,common,N3,particle,de-mo,,med,gloss [Wh-word]; covers 疑問詞+でも and でも〜でも listing,,A,[ Wh - word ]
~ga~nara,ga-nara,〜が〜なら,〜が〜なら,if ~ is ~ then ~ (paired correlative supposition),,written-modern|literary,none,rare,N1,conditional,nara,,low,bare romaji vol A; 〜が〜なら correlative reconstructed,,A,
~ka~ka,ka-ka,〜か〜か,〜か〜か,whether ~ or ~; either ~ or ~,,casual-spoken|polite-spoken|written-modern,none,common,N4,particle,,,high,"see-alsos <~nari~nari>,<~yarayara>",,A|I,<~nari~nari> ;; <~yarayara>
~ka~ka dochiraka,ka-ka-dochiraka,〜か〜かどちらか,〜か〜かどちらか,either ~ or ~ (one of the two),,casual-spoken|polite-spoken|written-modern,none,uncommon,N3,particle,ka-ka,,med,see-also <mata wa>,,I,<mata wa>
~ni~nai,ni-nai,〜に〜ない,〜に〜ない,want to ~ but cannot (Vるに Vれない),,written-modern|literary,none,rare,N1,modality,,,low,"bare romaji, no gloss; reconstructed as 〜に〜ない 'cannot ~ though one wants to'",,A,
~tari tari,tari-tari,〜たり〜たり,〜たり〜たり,do things like ~ and ~ (representative listing of actions),,casual-spoken|polite-spoken|written-modern,none,essential,N4,particle,ta-form,,high,see-also <yara yara>,,A,<yara yara>
~tari tari suru,tari-tari-suru,〜たり〜たりする,〜たり〜たりする,do things like ~ and ~ (with する predicate),,casual-spoken|polite-spoken|written-modern,none,essential,N4,particle,tari-tari,,high,する-marked form of tari-tari,,B,
~wa wa,wa-wa,〜わ〜わ,〜わ〜わ,what with ~ and ~ (exclamatory listing of piled-up events),,casual-spoken|written-modern,none,rare,N1,particle,,,low,bare romaji; 〜わ〜わ exclamatory-listing reconstructed; listing-family merge candidate,,A,
~yara~yara,yara-yara,〜やら〜やら,〜やら〜やら,what with ~ and ~; things like ~ and ~ (listing),,casual-spoken|written-modern,none,uncommon,N2,particle,yara,,med,duplicate of yarayara — merge candidate; see-also <~wa~wa>,,A,<~wa~wa>
~ya~ya,ya-ya,〜や〜や,〜や〜や,things like ~ and ~ (listing of nouns),,casual-spoken|written-modern,none,uncommon,N2,particle,ya,,med,see-also <~yara~yara>,,A,<~yara~yara>
ō to omou,o-to-omou,〜(よ)うと思う,〜(よ)うとおもう,intend to ~; be thinking of ~ing,,casual-spoken|polite-spoken|written-modern,none,common,N4,modality,volitional-form,you-to-omou,low,OCR macron-drop of yō to omou — duplicate of you-to-omou; see-also <-yō to omou>,,B,<-yō to omou>
ōmune,oomune,概ね,おおむね,generally; for the most part; roughly,,polite-spoken|written-modern,none,uncommon,N1,adverbial,,,med,borderline lexical adverb; see-also <oyoso>,,A,<oyoso>
ōzei,oozei,大勢,おおぜい,a large number of people; in crowds,,casual-spoken|polite-spoken|written-modern,none,rare,none,other,,,low,"lexical (大勢 'large number of people'), not grammar — candidate to drop; see-also <ōi>",,B,<ōi>
ǎ shita,aa-shita,ああした,ああした,that kind of ~; ~ like that (distal demonstrative adnominal),,casual-spoken|polite-spoken|written-modern,none,uncommon,N3,other,,,med,OCR ǎ→ああ; demonstrative ああした; see-also <kō shita>,,I,<kō shita>
atte no,atte-no,〜あっての,あっての,A which exists only thanks to B; B that owes its existence entirely to A,,written-modern|literary,none,uncommon,N1,connective,,,high,,gapfill,ext,which can exist solely due to the presence of; which owes everything to
denakute nan darou,denakute-nan-darou,〜でなくてなんだろう,でなくてなんだろう,"if this isn't ~, then what is it?; surely is nothing but ~ (rhetorical emphasis)",,literary|written-modern,none,rare,N1,modality,darou,,med,literary rhetorical emphatic 〜でなくてなんだろう; formal-essay register,gapfill,ext,must be; is definitely ~
gatera,gatera,〜がてら,がてら,while doing ~; taking the opportunity of ~ to also do something,,polite-spoken|written-modern,none,uncommon,N1,connective,masu-stem,,high,,gapfill,ext,while; on the same occasion; at the same time; coincidentally ~
kare~kare,kare-kare,〜かれ〜かれ,かれかれ,"whether ~ or ~; sooner or later (paired classical adjective stems, e.g. 遅かれ早かれ)",,written-modern|literary,none,rare,N1,connective,,,med,paired classical 〜かれ〜かれ concessive listing; mostly fixed expressions,gapfill,ext,sooner or later; more or less
katagata,katagata,〜かたがた,かたがた,while also doing ~; combining one occasion to serve two purposes (formal),,polite-spoken|written-modern,none,uncommon,N1,connective,,,high,,gapfill,ext,while; at the same time; incidentally; for the purpose of ~
koto tote,koto-tote,〜こととて,こととて,"because; since ~ (offering a reason, often as an excuse; formal/literary)",,written-modern|literary,none,rare,N1,connective,koto,,high,,gapfill,ext,because; since ~
majiki,majiki,〜まじき,まじき,"unbecoming of; that one must not do (classical negative obligation, adnominal)",,literary|written-modern,none,rare,N1,modality,,,high,,gapfill,ext,should not; must not ~
makuru,makuru,〜まくる,まくる,"to do ~ vigorously, relentlessly, or over and over (verb suffix)",,casual-spoken|written-modern,none,uncommon,N1,auxiliary,masu-stem,,high,,gapfill,ext,to do over and over again; to do relentlessly
meku,meku,〜めく,めく,"to show signs of ~; to take on a ~-like quality (suffix, also 〜めいた)",,written-modern|literary,none,uncommon,N1,auxiliary,,,high,,gapfill,ext,seems; show signs of; to have the appearance of ~
mono to suru,mono-to-suru,〜ものとする,ものとする,"shall ~; is deemed/assumed to ~ (formal, legal/contractual)",,written-modern,none,uncommon,N1,modality,mono,,high,,gapfill,ext,shall; to assume; understood as ~
mono toshite,mono-toshite,〜ものとして,ものとして,on the assumption that ~; treating ~ as a given,,written-modern,none,uncommon,N1,modality,mono,,high,,gapfill,ext,to assume; to suppose; on the presumption that ~
nara dewa,nara-dewa,〜ならでは,ならでは,distinctive of ~; possible only for ~; uniquely characteristic of ~,,polite-spoken|written-modern,none,uncommon,N1,particle,,,high,,gapfill,ext,distinctive of; uniquely applying to; special to ~
ni atte,ni-atte,〜にあって,にあって,being in (a situation/time/place); under the circumstances of ~ (formal),,written-modern|literary,none,rare,N1,connective,,,high,,gapfill,ext,at; on; during; in the condition of ~
ni itaru made,ni-itaru-made,〜に至るまで,にいたるまで,"all the way to ~; everything from A to B, down to even ~",,written-modern|polite-spoken,none,uncommon,N1,connective,,,high,,gapfill,ext,as far as; up until; everything from ... to ~
ni itattemo,ni-itattemo,〜に至っても,にいたっても,even after reaching the point of ~; even at this stage,,written-modern,none,rare,N1,connective,,,high,,gapfill,ext,even if; even though; although something reached the point ~
ni iwasereba,ni-iwasereba,〜に言わせれば,にいわせれば,if you ask ~; from ~'s point of view (also 〜に言わせると／に言わせたら),,casual-spoken|written-modern,none,uncommon,N1,connective,,,high,,gapfill,ext,if you ask; if one may say ~
ni kagitta koto dewa nai,ni-kagitta-koto-dewa-nai,〜に限ったことではない,にかぎったことではない,not limited to just ~; ~ is not the only case,,polite-spoken|written-modern,none,uncommon,N1,modality,ni-kagiru|koto,,high,,gapfill,ext,not limited to only ~
ni kakatteiru,ni-kakatteiru,〜にかかっている,にかかっている,depends on ~; hinges on whether ~,,casual-spoken|polite-spoken|written-modern,none,common,N1,connective,,,high,,gapfill,ext,depending on; to depend on; whether or not
ni kako tsukete,ni-kakotsukete,〜にかこつけて,にかこつけて,using ~ as a pretext or excuse (to do something else),,written-modern,none,rare,N1,connective,,,high,,gapfill,ext,to use as a pretext; to use as an excuse
ni matsuwaru,ni-matsuwaru,〜にまつわる,にまつわる,related to ~; surrounding (a topic/story),,written-modern,none,uncommon,N1,connective,,,high,,gapfill,ext,to be related to; to concern; associated with ~
ni sakigakete,ni-sakigakete,〜に先駆けて,にさきがけて,ahead of ~; being the first/pioneer before others do,,written-modern,none,uncommon,N1,connective,,,high,,gapfill,ext,prior to; to be the first (pioneer); being ahead of ~
ni sokushite,ni-sokushite,〜に即して,にそくして,in keeping with ~; in line with (the facts/rules/situation),,written-modern,none,uncommon,N1,connective,,,high,,gapfill,ext,according to; in keeping with; to be based on ~
ni taru,ni-taru,〜に足る,にたる,worthy of ~; sufficient to ~ (also 〜に足りる),,written-modern|literary,none,rare,N1,modality,,,high,,gapfill,ext,can do; worthy; worth doing
nimo hodo ga aru,nimo-hodo-ga-aru,〜にもほどがある,にもほどがある,there's a limit to ~; ~ goes too far,,casual-spoken|written-modern,none,uncommon,N1,modality,,,high,,gapfill,ext,there is a limit to what is acceptable; to go too far
niwa ataranai,niwa-ataranai,〜には当たらない,にはあたらない,there's no need to ~; it's not worth ~ing (no cause for the reaction),,written-modern|polite-spoken,none,uncommon,N1,modality,,,high,,gapfill,ext,it's not worth; there's no need to; does not correspond to ~
no itari,no-itari,〜の至り,のいたり,"the height of ~; extremely ~ (set emotional expressions, formal)",,written-modern|literary,none,rare,N1,adverbial,,,high,,gapfill,ext,utmost; extremely ~
no kiwami,no-kiwami,〜の極み,のきわみ,"the height/extreme of ~ (set emotional expressions, formal; cf. 〜の至り)",,written-modern|literary,none,rare,N1,adverbial,,,high,,gapfill,ext,utmost; extremely ~
shimatsu da,shimatsu-da,〜始末だ,しまつだ,end up (badly) ~; come to the sorry state of ~,,written-modern|polite-spoken,none,uncommon,N1,modality,,,high,,gapfill,ext,end up; in the end; as a result (negative)
soba kara,soba-kara,〜そばから,そばから,"no sooner than ~; right after ~ (repeatedly, often futile)",,casual-spoken|written-modern,none,uncommon,N1,connective,,,high,,gapfill,ext,as soon as; right after ~
te kara to iu mono,te-kara-to-iu-mono,〜てからというもの,てからというもの,ever since ~ (a lasting change after that point),,written-modern|polite-spoken,none,uncommon,N1,connective,te-form,,high,,gapfill,ext,ever since ~
te yamanai,te-yamanai,〜てやまない,てやまない,"to ~ unceasingly; never stop ~ing (strong, formal emotion)",,written-modern|literary,none,rare,N1,auxiliary,te-form,,high,,gapfill,ext,always; never stop; can't help but ~
temo sashitsukaenai,temo-sashitsukaenai,〜ても差し支えない,てもさしつかえない,it's fine even if ~; may ~ (formal permission),,polite-spoken|written-modern,none,uncommon,N1,modality,te-form|te-mo-ii,,high,,gapfill,ext,can ~; it's okay if ~
to areba,to-areba,〜とあれば,とあれば,if it is the case that ~; if (such a special situation arises),,written-modern,none,uncommon,N1,conditional,,,high,,gapfill,ext,if it is the case that; if ~
dake mashi da,dake-mashi-da,〜だけましだ,だけましだ,at least ~ is better (than the worse alternative); should be grateful for ~,,casual-spoken|written-modern,none,uncommon,N2,modality,dake,,high,,gapfill,ext,it's better than; one should feel grateful for ~
dake wa,dake-wa,〜だけは,だけは,do at least ~; do all that one can of ~ (emphatic limiting は on だけ),,casual-spoken|polite-spoken|written-modern,none,common,N2,particle,dake,,med,だけは has several shades; here the 'at least / to the extent one can' emphatic use,gapfill,ext,to do all that one can
de shika nai,de-shika-nai,〜でしかない,でしかない,is merely ~; nothing but ~; no more than ~,,written-modern|polite-spoken,none,common,N2,particle,,,high,,gapfill,ext,merely; nothing but; no more than; there is only ~
dou yara,dou-yara,どうやら,どうやら,apparently; it seems; somehow,,casual-spoken|polite-spoken|written-modern,none,common,N2,adverbial,,,high,,gapfill,ext,possibly; apparently; seems like; somehow; barely ~
enai,enai,〜得ない,えない,cannot ~; it is impossible to ~ (negative of 〜得る),,written-modern|polite-spoken,none,common,N2,modality,eru|masu-stem,,high,,gapfill,ext,unable to; cannot; it is not possible to ~
ijou ni,ijou-ni,〜以上に,いじょうに,more than ~; even beyond ~,,written-modern|polite-spoken,none,common,N2,connective,,,high,,gapfill,ext,more than; not less than; beyond ~
ikinari,ikinari,いきなり,いきなり,suddenly; abruptly; without warning,,casual-spoken|polite-spoken|written-modern,none,common,N2,adverbial,,,high,,gapfill,ext,abruptly; suddenly; all of a sudden; without warning
iyoiyo,iyoiyo,いよいよ,いよいよ,finally; at last; more and more (mounting),,casual-spoken|polite-spoken|written-modern,none,common,N2,adverbial,,,high,,gapfill,ext,at last; finally; beyond doubt
kai ga aru,kai-ga-aru,〜甲斐がある,かいがある,it's worth the effort to ~; ~ pays off,,written-modern|polite-spoken,none,uncommon,N2,modality,,,high,,gapfill,ext,it's worth one's efforts to do something
kanenai,kanenai,〜かねない,かねない,might (do something undesirable); could well ~ (negative outcome),,polite-spoken|written-modern,none,common,N2,modality,kaneru|masu-stem,,high,,gapfill,ext,(someone) might do something; something might happen
kara miru to,kara-miru-to,〜から見ると,からみると,from the viewpoint of ~; judging from ~,,casual-spoken|polite-spoken|written-modern,none,common,N2,connective,,,high,,gapfill,ext,from the point of view of; by the look of; judging from ~
kara suru to / kara sureba,kara-suru-to,〜からすると,からすると,judging from ~; considering ~ (also 〜からすれば),,polite-spoken|written-modern,none,common,N2,connective,kara-miru-to,,high,,gapfill,ext,judging from; considering; by the look of ~
ka~nai ka no uchi ni,ka-nai-ka-no-uchi-ni,〜か〜ないかのうちに,かないかのうちに,no sooner had ~ than; just as ~ was about to finish,,written-modern|polite-spoken,none,uncommon,N2,connective,,,high,,gapfill,ext,just as; right after; as soon as ~
kkonai,kkonai,〜っこない,っこない,there's no way ~; definitely won't ~ (colloquial strong denial),,casual-spoken,none,common,N2,modality,masu-stem,,high,,gapfill,ext,no chance of; … is definitely not possible
koto dakara,koto-dakara,〜ことだから,ことだから,because it's ~ (given what we know of X's nature/habits),,casual-spoken|polite-spoken|written-modern,none,common,N2,connective,koto,,high,,gapfill,ext,because; since ~
koto naku,koto-naku,〜ことなく,ことなく,without ~ing (even once); without ever ~,,written-modern|polite-spoken,none,common,N2,connective,koto,,high,,gapfill,ext,without doing something even once
koto niwa naranai,koto-niwa-naranai,〜ことにはならない,ことにはならない,it doesn't mean (that) ~; doesn't amount to ~,,written-modern|polite-spoken,none,uncommon,N2,modality,koto,,high,,gapfill,ext,just because… doesn't mean ~
mono dakara,mono-dakara,〜ものだから,ものだから,because ~ (giving a reason/excuse for something unexpected),,casual-spoken|polite-spoken|written-modern,none,common,N2,connective,mono,,high,,gapfill,ext,so; therefore; the reason for something
mono ga aru,mono-ga-aru,〜ものがある,ものがある,there really is something ~ about it; it certainly is ~ (felt judgment),,casual-spoken|polite-spoken|written-modern,none,common,N2,modality,mono,,high,,gapfill,ext,there is such a thing; to be the case that; feels like ~
nai dewa irarenai,nai-dewa-irarenai,〜ないではいられない,ないではいられない,can't help but ~; can't keep from ~ing,,written-modern|polite-spoken,none,uncommon,N2,modality,nai-form,,high,,gapfill,ext,can't help but feel; can't help but do ~
nai koto niwa~nai,nai-koto-niwa-nai,〜ないことには〜ない,ないことにはない,"unless you ~, (it won't happen); nothing can proceed without first ~",,written-modern|polite-spoken,none,uncommon,N2,conditional,nai-form|koto,,high,,gapfill,ext,unless you ~
nani shiro,nani-shiro,何しろ,なにしろ,at any rate; after all; the thing is ~ (emphasizing a reason),,casual-spoken|polite-spoken|written-modern,none,common,N2,adverbial,,,high,,gapfill,ext,at any rate; after all; anyhow; anyway; in any case; because; as you know ~
ni kotaete,ni-kotaete,〜に応えて,にこたえて,in response to ~; living up to (expectations/demands),,written-modern|polite-spoken,none,common,N2,connective,,,high,,gapfill,ext,in response to ~
ni kuwaete,ni-kuwaete,〜に加えて,にくわえて,in addition to ~; on top of ~,,written-modern|polite-spoken,none,common,N2,connective,,,high,,gapfill,ext,in addition ~
ni sakidachi,ni-sakidachi,〜に先立ち,にさきだち,prior to ~; before (a major event); also 〜に先立って,,written-modern|polite-spoken,none,uncommon,N2,connective,,,high,,gapfill,ext,before; prior to ~
ni shiro~ni shiro,ni-shiro-ni-shiro,〜にしろ〜にしろ,にしろにしろ,whether ~ or ~; in either case,,written-modern|polite-spoken,none,uncommon,N2,connective,,,high,,gapfill,ext,whether… or ~
ni shitara / ni sureba,ni-shitara,〜にしたら,にしたら,from ~'s standpoint; as far as ~ is concerned (also 〜にすれば),,casual-spoken|polite-spoken|written-modern,none,common,N2,connective,,,high,,gapfill,ext,from one's perspective; from the point of view of ~
ni shitemo~ni shitemo,ni-shitemo-ni-shitemo,〜にしても〜にしても,にしてもにしても,whether ~ or ~; regardless of which,,casual-spoken|polite-spoken|written-modern,none,uncommon,N2,connective,,,high,,gapfill,ext,regardless of whether ~
ni sotte,ni-sotte,〜に沿って,にそって,along ~; in accordance with (a line/plan/rule),,written-modern|polite-spoken,none,common,N2,connective,,,high,,gapfill,ext,along with; in accordance with ~
ni soui nai,ni-soui-nai,〜に相違ない,にそういない,"there is no doubt that ~; surely ~ (formal, cf. 〜に違いない)",,written-modern|literary,none,uncommon,N2,modality,,,high,,gapfill,ext,without a doubt; certain; sure
no mo motto mo da,no-mo-mottomo-da,〜のももっともだ,のももっともだ,it's only natural that ~; no wonder ~,,casual-spoken|written-modern,none,uncommon,N2,modality,,,med,もっとも 'reasonable/natural' adverbial use; 〜のももっともだ judgment pattern,gapfill,ext,no wonder; …is only natural
te touzen da,te-touzen-da,〜て当然だ,てとうぜんだ,it's only natural that ~; of course ~,,casual-spoken|polite-spoken|written-modern,none,common,N2,modality,te-form,,high,,gapfill,ext,natural; as a matter of course
tewa~tewa,tewa-tewa,〜ては〜ては,てはては,repeatedly ~ing and ~ing (alternating/recurring actions),,casual-spoken|written-modern,none,uncommon,N2,connective,te-form,,high,,gapfill,ext,repetitive situations/actions
to iu mono da,to-iu-mono-da,〜というものだ,というものだ,that's what ~ really is; ~ is just how it is (judgment/assertion),,casual-spoken|polite-spoken|written-modern,none,common,N2,modality,to-iu|mono,,high,,gapfill,ext,something like; something called ~
to kangaerareru,to-kangaerareru,〜と考えられる,とかんがえられる,it is thought that ~; it can be considered that ~ (objective writing),,written-modern|polite-spoken,none,common,N2,modality,,,high,,gapfill,ext,one can think that; it is conceivable that; considered ~
tokku ni,tokku-ni,とっくに,とっくに,long ago; already (well before now),,casual-spoken|written-modern,none,common,N2,adverbial,,,high,,gapfill,ext,long ago; already; a long time ago
tokoro ni,tokoro-ni,〜ところに・〜ところへ,ところに,right when ~; just as ~ (an interruption arrives at that moment),,casual-spoken|polite-spoken|written-modern,none,common,N2,connective,tokoro,,high,,gapfill,ext,at the time; just as I was ~
tokoro o miru to,tokoro-o-miru-to,〜ところを見ると,ところをみると,judging from the fact that ~; seeing that ~,,casual-spoken|polite-spoken|written-modern,none,uncommon,N2,connective,tokoro,,high,,gapfill,ext,judging from; seeing that ~
tsutsu aru,tsutsu-aru,〜つつある,つつある,to be in the process of ~ing; ~ is steadily progressing,,written-modern|polite-spoken,none,common,N2,aspect,tsutsu|masu-stem,,high,,gapfill,ext,to be doing; to be in the process of doing ~
wa moto yori,wa-moto-yori,〜はもとより,はもとより,"not to mention ~; let alone ~ (A, and of course B as well)",,written-modern|polite-spoken,none,common,N2,connective,,,high,,gapfill,ext,also; let alone; from the beginning
wa tomokaku,wa-tomokaku,〜はともかく,はともかく,setting ~ aside; regardless of ~ (let's focus on the other thing),,casual-spoken|polite-spoken|written-modern,none,common,N2,connective,,,high,,gapfill,ext,anyhow; anyway; regardless; in any case; whether or not ~
yagate,yagate,やがて,やがて,before long; eventually; soon,,written-modern|polite-spoken,none,common,N2,adverbial,,,high,,gapfill,ext,before long; soon; almost; eventually ~
you dewa nai ka,you-dewa-nai-ka,〜ようではないか,ようではないか,"let's ~; why don't we ~ (exhortation, formal/speech)",,polite-spoken|written-modern,none,uncommon,N2,modality,volitional-form,,high,,gapfill,ext,let's do (something); why don't we ~
zu ni sumu,zu-ni-sumu,〜ずに済む,ずにすむ,to get by without ~ing; manage not to have to ~,,casual-spoken|written-modern,none,common,N2,connective,nai-form,,high,,gapfill,ext,get by without doing ~
au,au,〜合う,あう,to do ~ to each other; do ~ together (reciprocal verb suffix),,casual-spoken|polite-spoken|written-modern,none,common,N3,auxiliary,masu-stem,,high,,gapfill,ext,do something together
ba ii,ba-ii,〜ばいい,ばいい,should ~; it'd be good if ~; just ~ (suggestion/solution),,casual-spoken|polite-spoken|written-modern,none,common,N3,modality,ba-conditional,,high,,gapfill,ext,should; can; it'd be good if ~
betsu ni~nai,betsu-ni-nai,別に〜ない,べつにない,not particularly ~; not especially,,casual-spoken|polite-spoken|written-modern,none,common,N3,adverbial,,,high,,gapfill,ext,"not really, not particularly"
buri ni,buri-ni,〜ぶりに,ぶりに,for the first time in (a period); after an interval of ~,,casual-spoken|polite-spoken|written-modern,none,common,N3,adverbial,,,high,,gapfill,ext,for the first time in (period of time)
donna ni~temo,donna-ni-temo,どんなに〜ても,どんなにても,no matter how (much) ~,,casual-spoken|polite-spoken|written-modern,none,common,N3,connective,te-form,,high,,gapfill,ext,no matter how (much)
doushitemo,doushitemo,どうしても,どうしても,no matter what; by all means; (with negative) just can't,,casual-spoken|polite-spoken|written-modern,none,common,N3,adverbial,,,high,,gapfill,ext,no matter what; at any cost; after all ~
furi o suru,furi-o-suru,〜ふりをする,ふりをする,to pretend to ~; to act as if ~,,casual-spoken|polite-spoken|written-modern,none,common,N3,modality,,,high,,gapfill,ext,to pretend; to act as if ~
futatabi,futatabi,再び,ふたたび,again; once more (formal/written),,written-modern|polite-spoken,none,common,N3,adverbial,,,high,,gapfill,ext,again; once more
hodo~nai,hodo-nai,〜ほど〜ない,ほどない,not as ~ as; nothing is as ~ as (comparative with negative),,casual-spoken|polite-spoken|written-modern,none,common,N3,connective,,,high,,gapfill,ext,is not as… as ~
ka nani ka,ka-nani-ka,〜か何か,かなにか,~ or something (vague alternative),,casual-spoken|polite-spoken|written-modern,none,common,N3,particle,,,high,,gapfill,ext,or something ~
kara iu to,kara-iu-to,〜から言うと,からいうと,speaking in terms of ~; from the standpoint of ~,,casual-spoken|polite-spoken|written-modern,none,common,N3,connective,kara-miru-to,,high,,gapfill,ext,in terms of; from the point of view of ~
kirenai,kirenai,〜切れない,きれない,cannot finish ~ing; too many/much to ~ completely (negative of 〜切る),,casual-spoken|polite-spoken|written-modern,none,common,N3,auxiliary,kiru|masu-stem,,high,,gapfill,ext,unable to do; too much to finish/complete
kiru,kiru,〜切る,きる,to do ~ completely / all the way to the end (verb suffix),,casual-spoken|polite-spoken|written-modern,none,common,N3,auxiliary,masu-stem,,high,,gapfill,ext,to do something completely to the end
komu,komu,〜込む,こむ,"to do ~ thoroughly / repeatedly, or to move ~ inward (compound-verb suffix)",,casual-spoken|polite-spoken|written-modern,none,common,N3,auxiliary,masu-stem,,high,source marks ① (first sense): the 〜込む compound-verb suffix,gapfill,ext,to do something for a long time or to move something inside
koto da,koto-da,〜ことだ,ことだ,should ~; ought to ~ (advice/recommendation),,casual-spoken|polite-spoken|written-modern,none,common,N3,modality,koto,,high,,gapfill,ext,should do~ (used for suggestions or giving advice)
moshika shitara,moshika-shitara,もしかしたら,もしかしたら,perhaps; maybe; by any chance (often with 〜かもしれない),,casual-spoken|polite-spoken|written-modern,none,common,N3,adverbial,,,high,,gapfill,ext,perhaps; maybe; perchance; by any chance ~
nai koto wa nai,nai-koto-wa-nai,〜ないことはない,ないことはない,it's not that one can't ~; it is possible to ~ (with reservation),,casual-spoken|polite-spoken|written-modern,none,common,N3,modality,nai-form|koto,,high,,gapfill,ext,can do; is not impossible to ~
ndatte,ndatte,〜んだって,んだって,I hear that ~; they say ~ (colloquial hearsay),,casual-spoken,none,common,N3,quotation,,,high,,gapfill,ext,I hear that; heard that ~
ni kagiru,ni-kagiru,〜に限る,にかぎる,nothing beats ~; ~ is the best,,casual-spoken|polite-spoken|written-modern,none,common,N3,modality,,,high,,gapfill,ext,is best; nothing is better than ~
ni kurabete,ni-kurabete,〜に比べて,にくらべて,compared to ~; in comparison with ~,,casual-spoken|polite-spoken|written-modern,none,common,N3,connective,,,high,,gapfill,ext,compared to; in comparison to ~
o komete,o-komete,〜を込めて,をこめて,filled with ~; putting (feeling/effort) into,,written-modern|polite-spoken,none,common,N3,connective,,,high,,gapfill,ext,filled with; full of
okage de,okage-de,〜おかげで,おかげで,thanks to ~; owing to ~ (positive result),,casual-spoken|polite-spoken|written-modern,none,common,N3,connective,,,high,,gapfill,ext,thanks to; owing to; because of ~
sae~ba,sae-ba,〜さえ〜ば,さえば,if only ~; as long as ~ (that one condition is enough),,casual-spoken|polite-spoken|written-modern,none,common,N3,conditional,ba-conditional,,high,,gapfill,ext,if only; as long as ~
saichuu ni,saichuu-ni,〜最中に,さいちゅうに,right in the middle of ~ (when something interrupts),,casual-spoken|polite-spoken|written-modern,none,common,N3,connective,,,high,,gapfill,ext,while; during; in the middle of ~
sei de,sei-de,〜せいで,せいで,because of ~; due to ~ (blaming a negative result),,casual-spoken|polite-spoken|written-modern,none,common,N3,connective,sei,,high,,gapfill,ext,because of; due to; as a result of ~
sou mo nai/sou ni nai,sou-ni-nai,〜そうにない,そうにない,very unlikely to ~; shows no sign of ~ing (also 〜そうもない),,casual-spoken|polite-spoken|written-modern,none,common,N3,modality,souda,,high,,gapfill,ext,very unlikely to; showing no signs of ~
sude ni,sude-ni,既に,すでに,already; previously (formal),,written-modern|polite-spoken,none,common,N3,adverbial,,,high,,gapfill,ext,something has already been done/taken place; is already the case
ta mono da,ta-mono-da,〜たものだ,たものだ,used to ~; would often ~ (nostalgic recollection),,casual-spoken|polite-spoken|written-modern,none,common,N3,modality,ta-form|mono,,high,,gapfill,ext,used to do; would often do
tatoe~temo,tatoe-temo,たとえ〜ても,たとえても,even if ~ (hypothetical concession),,casual-spoken|polite-spoken|written-modern,none,common,N3,connective,te-form,,high,,gapfill,ext,even if… is the case
te goran,te-goran,〜てごらん,てごらん,"try ~ing; go ahead and ~ (gentle encouragement, to inferiors/children)",,casual-spoken,none,common,N3,auxiliary,te-form,,high,,gapfill,ext,(please) try to; (please) look
te kara de nai to,te-kara-de-nai-to,〜てからでないと,てからでないと,unless you first ~; not until ~ is done (then can't proceed),,casual-spoken|polite-spoken|written-modern,none,common,N3,conditional,te-form,,high,,gapfill,ext,must first do; cannot do without first doing ~
temo kamawanai,temo-kamawanai,〜てもかまわない,てもかまわない,it's okay if ~; I don't mind if ~ (permission),,casual-spoken|polite-spoken|written-modern,none,common,N3,modality,te-form,,high,,gapfill,ext,it doesn't matter if ~
tochuu de / tochuu ni,tochuu-de,〜途中で・〜途中に,とちゅうで,on the way; partway through ~,,casual-spoken|polite-spoken|written-modern,none,common,N3,connective,,,high,,gapfill,ext,on the way; in the middle of ~
tokoro datta,tokoro-datta,〜ところだった,ところだった,was just about to ~; ~ almost happened (near miss),,casual-spoken|polite-spoken|written-modern,none,common,N3,aspect,tokoro,,high,source marks ① (first sense): the 'was about to / almost' near-miss use,gapfill,ext,was just about to do something; something almost happened
tsumori de,tsumori-de,〜つもりで,つもりで,with the intention of ~; acting as if ~ (mindset),,casual-spoken|polite-spoken|written-modern,none,common,N3,modality,,,high,,gapfill,ext,with the intention of doing ~
de gozaimasu,de-gozaimasu,〜でございます,でございます,"to be ~ (polite copula, humble/formal です)",,polite-spoken|written-modern,teineigo,common,N4,copula,gozaimasu,,high,,gapfill,ext,to be (honorific)
gozaimasu,gozaimasu,ございます,ございます,there is; to exist (polite form of ある/いる),,polite-spoken|written-modern,teineigo,common,N4,auxiliary,,,high,,gapfill,ext,"to be, to exist (the polite form of いる/ある)"
hazu da,hazu-da,〜はずだ,はずだ,it should be ~; ought to be ~ (logical expectation),,casual-spoken|polite-spoken|written-modern,none,common,N4,modality,hazu,,high,,gapfill,ext,it must be; it should be (expectation)
irassharu,irassharu,いらっしゃる,いらっしゃる,to be / come / go (honorific for いる・来る・行く),,polite-spoken,sonkeigo,common,N4,honorific,,,high,,gapfill,ext,to be; to come; to go (polite version)
janai ka,janai-ka,〜じゃないか,じゃないか,isn't it ~?; right?; (also exclamation/seeking agreement),,casual-spoken,none,common,N4,modality,,,high,,gapfill,ext,right? isn't it? let's~; confirmation
mitai ni,mitai-ni,〜みたいに・〜みたいな,みたいに,like ~; similar to ~ (colloquial likeness/example),,casual-spoken|polite-spoken,none,common,N4,modality,,,high,,gapfill,ext,like; similar to ~
naito,naito,〜ないと,ないと,"have to ~; must ~ (lit. 'if you don't ~', with the consequence left unsaid)",,casual-spoken|polite-spoken,none,common,N4,modality,nai-form,,high,,gapfill,ext,must do; unless/if you don't ~
nakanaka~nai,nakanaka-nai,なかなか〜ない,なかなかない,not easily ~; struggle to ~; just won't ~,,casual-spoken|polite-spoken|written-modern,none,common,N4,adverbial,,,high,,gapfill,ext,not easy to; struggling to; not able to ~
naru beku,naru-beku,なるべく,なるべく,as much as possible; if possible,,casual-spoken|polite-spoken|written-modern,none,common,N4,adverbial,,,high,,gapfill,ext,as much as possible
nasaru,nasaru,なさる,なさる,to do (honorific for する),,polite-spoken,sonkeigo,common,N4,honorific,,,high,,gapfill,ext,to do (honorific)
sonna ni,sonna-ni,そんなに,そんなに,so much; that much; (with negative) not that ~,,casual-spoken|polite-spoken|written-modern,none,common,N4,adverbial,,,high,,gapfill,ext,so much; so; like that
sou ni / sou na,sou-ni,〜そうに・〜そうな,そうに,looking ~; seeming ~ (adverbial/adnominal of appearance そう),,casual-spoken|polite-spoken|written-modern,none,common,N4,modality,souda,,high,,gapfill,ext,seems like; looks like ~
ta bakari,ta-bakari,〜たばかり,たばかり,just ~ed; only just finished ~ing (a moment ago),,casual-spoken|polite-spoken|written-modern,none,common,N4,aspect,ta-form,,high,,gapfill,ext,just finished; something just occurred
tagaru,tagaru,〜たがる,たがる,to show signs of wanting to ~ (about a third person),,casual-spoken|polite-spoken|written-modern,none,common,N4,auxiliary,masu-stem,,high,,gapfill,ext,wants to do ~ (third person)
tara dou,tara-dou,〜たらどう,たらどう,"why don't you ~?; how about ~? (suggestion, also 〜たらどうですか)",,casual-spoken|polite-spoken,none,common,N4,modality,ta-form,,high,,gapfill,ext,why don't you; how about ~ (used to give advice)
te ita,te-ita,〜ていた,ていた,was ~ing; had ~ (past continuous/state of ている),,casual-spoken|polite-spoken|written-modern,none,common,N4,aspect,te-iru,,high,,gapfill,ext,was doing something (past continuous)
te itadakemasen ka,te-itadakemasen-ka,〜ていただけませんか,ていただけませんか,could you please ~? (very polite/humble request),,polite-spoken,kenjougo,common,N4,auxiliary,te-form,,high,,gapfill,ext,could you please ~
te sumimasen,te-sumimasen,〜てすみません,てすみません,I'm sorry for ~ing,,casual-spoken|polite-spoken,none,common,N4,connective,te-form,,high,,gapfill,ext,I'm sorry for
to ii / tara ii,to-ii,〜といい,といい,it'd be nice if ~; I hope ~; you should ~ (also 〜たらいい),,casual-spoken|polite-spoken|written-modern,none,common,N4,modality,,,high,,gapfill,ext,it would be nice if; should; I hope ~
to iu koto,to-iu-koto,〜ということ,ということ,the fact/idea that ~; it means that ~ (nominalizes a quoted phrase),,casual-spoken|polite-spoken|written-modern,none,common,N4,nominalizer,to-iu|koto,,high,,gapfill,ext,convert phrase into noun
ga hoshii,ga-hoshii,〜がほしい,がほしい,to want (a thing); desire something,,casual-spoken|polite-spoken|written-modern,none,essential,N5,modality,hoshii,,high,,gapfill,ext,to want something
ga iru / ga imasu,ga-iru,〜がいる,がいる,there is ~; to exist (for living things),,casual-spoken|polite-spoken|written-modern,none,essential,N5,other,,,high,,gapfill,ext,there is; to be; is (living things)
janai,janai,〜じゃない,じゃない,is not ~ (casual negative copula); also tag 'right?',,casual-spoken,none,essential,N5,copula,,,high,,gapfill,ext,maybe; most likely; confirmation of information; express surprise towards listener
mada ~te imasen,mada-te-imasen,まだ〜ていません,まだていません,have not ~ yet (still not done),,casual-spoken|polite-spoken|written-modern,none,essential,N5,aspect,te-iru,,high,,gapfill,ext,have not yet ~
masen ka,masen-ka,〜ませんか,ませんか,won't you ~?; would you like to ~? (polite invitation),,polite-spoken,teineigo,essential,N5,modality,masu-stem,,high,,gapfill,ext,would you; do you want to; shall we ~
mashouka,mashou-ka,〜ましょうか,ましょうか,shall I ~?; shall we ~? (offer of help / suggestion),,polite-spoken,teineigo,essential,N5,modality,masu-stem,,high,,gapfill,ext,shall I ~; used to offer help to the listener
naku temo ii,naku-temo-ii,〜なくてもいい,なくてもいい,don't have to ~; need not ~,,casual-spoken|polite-spoken|written-modern,none,essential,N5,modality,nai-form,,high,,gapfill,ext,don't have to
toka²,toka-2,〜とか(で),とか,"I heard that ~; ~ or so (hearsay / vague unconfirmed information, also 〜とかで)",,casual-spoken|polite-spoken,none,common,N2,quotation,toka,,med,"hearsay 〜とか(で) sense, split from listing とか (node toka) per external N2 collision-resolution",collision-resolve,ext,I heard ~; ~ or something (hearsay)
arakajime,arakajime,あらかじめ,あらかじめ,beforehand; in advance,,written-modern|polite-spoken,none,common,N1,adverbial,,,high,,gapfill,ext,beforehand; in advance; previously
ba sore made da,ba-sore-made-da,〜ばそれまでだ,ばそれまでだ,"if ~, then that's the end of it (also 〜たらそれまでだ)",,casual-spoken|written-modern,none,uncommon,N1,conditional,ba-conditional,,high,,gapfill,ext,if… then it's over
biru,biru,〜びる,びる,"to take on the quality of ~; to seem/behave as ~ (suffix, e.g. 大人びる)",,written-modern,none,uncommon,N1,auxiliary,,,high,,gapfill,ext,to seem to be; to appear; to behave as ~
buru,buru,〜ぶる,ぶる,to put on airs of ~; to pretend to be ~ (suffix),,casual-spoken|written-modern,none,uncommon,N1,auxiliary,,,high,,gapfill,ext,assuming the air of; behaving like; to pretend / act like ~
darou ni,darou-ni,〜だろうに,だろうに,"surely ~, and yet; (also regret) would/should have ~",,casual-spoken|written-modern,none,uncommon,N1,modality,darou,,med,two senses: contrastive 'surely…but ~' and counterfactual regret 'would/should have',gapfill,ext,"surely..., but ~; should have (regret)"
demo ari~demo aru,demo-ari-demo-aru,〜でもあり〜でもある,でもありでもある,is both ~ and ~ at once,,written-modern|polite-spoken,none,uncommon,N1,connective,,,high,,gapfill,ext,to also be; both… and ~
demo nan demo nai,demo-nan-demo-nai,〜でも何でもない,でもなんでもない,not ~ in the least; nothing of the sort,,casual-spoken|written-modern,none,uncommon,N1,modality,,,high,,gapfill,ext,not in the least; nothing like that
dewa arumai ka,dewa-arumai-ka,〜ではあるまいか,ではあるまいか,isn't it perhaps ~?; I wonder if it isn't ~ (formal conjecture),,written-modern|literary,none,rare,N1,modality,,,high,,gapfill,ext,isn't it; I wonder if it's not ~
dewa arumai shi,dewa-arumai-shi,〜ではあるまいし,ではあるまいし,it's not as if ~ (so you shouldn't...),,casual-spoken|written-modern,none,uncommon,N1,connective,,,high,,gapfill,ext,it's not like; it isn't as if ~
dewa sumanai,dewa-sumanai,〜では済まない,ではすまない,it won't end with just ~; ~ alone won't settle it,,written-modern|polite-spoken,none,uncommon,N1,modality,,,high,,gapfill,ext,it doesn't end with just ~; it will take more than ~
gamashii,gamashii,〜がましい,がましい,"having the appearance of ~; somewhat like ~ (suffix, often negative nuance)",,written-modern,none,rare,N1,auxiliary,,,high,,gapfill,ext,look like; sound like; approximate; similar to; somewhat like ~
gurumi,gurumi,〜ぐるみ,ぐるみ,"the whole ~ together; ~-wide (家族ぐるみ, 町ぐるみ)",,casual-spoken|written-modern,none,uncommon,N1,particle,,,high,,gapfill,ext,together (with); -wide
hame ni naru,hame-ni-naru,〜羽目になる,はめになる,to end up stuck in (an unpleasant situation),,casual-spoken|written-modern,none,uncommon,N1,modality,,,high,,gapfill,ext,to get stuck with; to end up with (something unpleasant)
hodo no koto dewa nai,hodo-no-koto-dewa-nai,〜ほどのことではない,ほどのことではない,it's not worth ~ing; no need to go that far,,casual-spoken|written-modern,none,uncommon,N1,modality,hodo,,high,,gapfill,ext,it's not worth; no need to ~
hou ga mashi da,hou-ga-mashi-da,〜ほうがましだ,ほうがましだ,would rather ~; ~ is the lesser evil (better than the worse option),,casual-spoken|written-modern,none,uncommon,N1,modality,,,high,,gapfill,ext,better than; would rather ~
ikan da,ikan-da,〜いかんだ,いかんだ,depending on ~; according to ~ (also 〜いかんでは／いかんによっては),,written-modern,none,rare,N1,connective,,,high,,gapfill,ext,in accordance with; depending on; whether or not ~
ikan ni kakawarazu,ikan-ni-kakawarazu,〜いかんにかかわらず,いかんにかかわらず,regardless of ~; whether or not (also 〜いかんによらず／いかんを問わず),,written-modern,none,rare,N1,connective,,,high,,gapfill,ext,regardless of; whether or not; doesn't matter whether ~
izure ni shitemo,izure-ni-shitemo,いずれにしても,いずれにしても,in any case; either way (also いずれにしろ／いずれにせよ),,casual-spoken|polite-spoken|written-modern,none,common,N1,connective,,,high,,gapfill,ext,anyhow; anyway; either way; in any case ~
jimita,jimita,〜じみた,じみた,"tinged with ~; looking like ~ (suffix, usually negative; 子供じみた)",,casual-spoken|written-modern,none,uncommon,N1,auxiliary,,,high,,gapfill,ext,to become; to appear like; to look like; tainted with ~
ka to omoikiya,ka-to-omoikiya,〜かと思いきや,かとおもいきや,"just when one thought ~, contrary to expectation ~",,casual-spoken|written-modern,none,uncommon,N1,connective,,,high,,gapfill,ext,"contrary to expectations; or so we thought, but ~"
kai mo naku,kai-mo-naku,〜甲斐もなく,かいもなく,despite (one's efforts); to no avail,,written-modern,none,uncommon,N1,connective,kai-ga-aru,,high,,gapfill,ext,despite; even though ~
kara aru,kara-aru,〜からある,からある,as much/many as ~; no less than ~ (emphasizing a large amount; also 〜からする／〜からの),,written-modern,none,uncommon,N1,particle,,,high,,gapfill,ext,at least; as much as; as many as ~
katsute,katsute,かつて,かつて,once; formerly; (with negative) never before,,written-modern|literary,none,common,N1,adverbial,,,high,,gapfill,ext,once; before; formerly; ever; former; ex-
kiri ga nai,kiri-ga-nai,〜切りがない,きりがない,there's no end to ~; endless,,casual-spoken|written-modern,none,uncommon,N1,modality,,,high,,gapfill,ext,endless; boundless; there's no end to ~
kitte no,kitte-no,〜きっての,きっての,the foremost ~; the greatest ~ in (a group),,written-modern,none,rare,N1,particle,,,high,,gapfill,ext,the most / greatest … of all
koso are,koso-are,〜こそあれ,こそあれ,though there is ~ (concession); ~ if anything (formal),,literary|written-modern,none,rare,N1,connective,,,high,,gapfill,ext,although; even though ~
koso sure,koso-sure,〜こそすれ,こそすれ,"~ if anything, but certainly not (the opposite)",,literary|written-modern,none,rare,N1,connective,,,high,,gapfill,ext,and; although; but ~
koto gotoku,kotogotoku,ことごとく,ことごとく,every single one; entirely; without exception,,written-modern|literary,none,uncommon,N1,adverbial,,,high,,gapfill,ext,altogether; entirely; completely ~
koto mo atte,koto-mo-atte,〜こともあって,こともあって,partly because ~ (one contributing reason among others),,written-modern|polite-spoken,none,uncommon,N1,connective,koto,,high,,gapfill,ext,partly because; also because of ~
koto nashi ni,koto-nashi-ni,〜ことなしに,ことなしに,"without ~ing (formal, = ことなく)",,written-modern,none,uncommon,N1,connective,koto|koto-naku,,high,,gapfill,ext,without doing something
koto no nai you ni,koto-no-nai-you-ni,〜ことのないように,ことのないように,so as not to ~; to avoid ever ~ing,,written-modern|polite-spoken,none,uncommon,N1,connective,koto|nai-form,,high,,gapfill,ext,so as not to; to not ~
kurai nara,kurai-nara,〜くらいなら,くらいなら,rather than ~ (I'd sooner do the other thing),,casual-spoken|written-modern,none,uncommon,N1,conditional,,,high,,gapfill,ext,rather than (do ...)
kurai no mono da,kurai-no-mono-da,〜くらいのものだ,くらいのものだ,~ is about the only one/extent; nothing more than ~,,casual-spoken|written-modern,none,uncommon,N1,modality,,,high,,gapfill,ext,only (emphasis)
marukkiri,marukkiri,まるっきり,まるっきり,completely; (with negative) not at all,,casual-spoken,none,uncommon,N1,adverbial,,,high,,gapfill,ext,completely; absolutely; totally; (not) at all ~
mo douzen da,mo-douzen-da,〜も同然だ,もどうぜんだ,practically ~; as good as ~,,casual-spoken|written-modern,none,uncommon,N1,modality,,,high,,gapfill,ext,just like; same as ~
mo shinai de,mo-shinai-de,〜もしないで,もしないで,without even ~ing (emphatic も),,casual-spoken|written-modern,none,uncommon,N1,connective,nai-form,,high,,gapfill,ext,without even doing ~
mohaya,mohaya,もはや,もはや,now (already); (with negative) no longer,,written-modern|polite-spoken,none,common,N1,adverbial,,,high,,gapfill,ext,already; now; no longer; not anymore
mono to omowareru,mono-to-omowareru,〜ものと思われる,ものとおもわれる,"it is presumed/believed that ~ (formal, also 〜ものと見られる)",,written-modern,none,uncommon,N1,modality,mono,,high,,gapfill,ext,it is believed/expected that ~
n ga tame ni,n-ga-tame-ni,〜んがために,んがために,"in order to ~ (classical, strong purpose)",,literary|written-modern,none,rare,N1,connective,,,high,,gapfill,ext,in order to ~
nagara ni,nagara-ni,〜ながらに,ながらに,"while remaining ~; in the state of ~ (涙ながらに, 生まれながらに; also 〜ながらの)",,written-modern|literary,none,uncommon,N1,connective,,,high,,gapfill,ext,while; during; without change; performed in this condition
nai mono demo nai,nai-mono-demo-nai,〜ないものでもない,ないものでもない,it's not entirely impossible to ~; might just ~,,written-modern|polite-spoken,none,uncommon,N1,modality,nai-form,,high,,gapfill,ext,is not entirely impossible
nai mono ka,nai-mono-ka,〜ないものか,ないものか,"isn't there some way to ~?; can't we ~? (longing wish, also 〜ないものだろうか)",,casual-spoken|written-modern,none,uncommon,N1,modality,nai-form,,high,,gapfill,ext,isn't there; can't we…?; can't I…?
nai tomo kagiranai,nai-tomo-kagiranai,〜ないとも限らない,ないともかぎらない,it's not necessarily not ~; ~ might well happen,,written-modern,none,uncommon,N1,modality,nai-form,,high,,gapfill,ext,not necessarily; I can't say that; maybe; might ~
nara iza shirazu,nara-iza-shirazu,〜ならいざ知らず,ならいざしらず,"I don't know about ~ (that might be so), but this is different (also 〜はいざ知らず)",,written-modern|literary,none,rare,N1,connective,,,high,,gapfill,ext,I don't know about ... but; it may be possible for ... but ~
nari tomo,nari-tomo,〜なりとも,なりとも,at least ~; even just (a little) ~,,literary|written-modern,none,rare,N1,particle,,,high,,gapfill,ext,at least; even just a little (adverbial particle)
ni atai suru,ni-atai-suru,〜に値する,にあたいする,to be worth ~; to deserve / merit ~,,written-modern,none,uncommon,N1,modality,,,high,,gapfill,ext,to be worth; to be worthy of; to deserve; to merit ~
ni itaru,ni-itaru,〜に至る,にいたる,to reach (the point/place of) ~; to lead to ~ (also 〜に至った),,written-modern,none,uncommon,N1,connective,,,high,,gapfill,ext,leads to; come to a conclusion
ni kakatte wa,ni-kakatte-wa,〜にかかっては,にかかっては,in the hands of ~; when ~ takes it on (the result is special; also 〜にかかったら／にかかると／にかかれば),,written-modern,none,rare,N1,connective,,,high,,gapfill,ext,"when handled by (N), becomes a completely different result"
ni kamakete,ni-kamakete,〜にかまけて,にかまけて,being preoccupied with ~ (to the neglect of other things),,written-modern,none,rare,N1,connective,,,high,,gapfill,ext,to be too busy; to focus / concentrate only on ~
ni nottotte,ni-nottotte,〜に則って,にのっとって,"in accordance with ~ (rules, law, custom)",,written-modern,none,uncommon,N1,connective,,,high,,gapfill,ext,based on; according to; in accordance with ~
ni shinobinai,ni-shinobinai,〜に忍びない,にしのびない,cannot bring oneself to ~; cannot bear to ~,,written-modern|literary,none,rare,N1,modality,,,high,,gapfill,ext,cannot bring oneself (to do); unable to bear ~
ni taeru,ni-taeru,〜に耐える,にたえる,to be worth ~ing / to withstand ~; (negative 〜に耐えない) cannot bear ~,,written-modern,none,uncommon,N1,modality,,,med,two poles on the same form: 〜に耐える 'worth/withstand' vs 〜に耐えない 'cannot bear',gapfill,ext,worth doing; can do; cannot bear doing ~
ni taranai,ni-taranai,〜に足らない,にたらない,not worth ~ing; insufficient to ~ (also 〜に足りない),,written-modern,none,uncommon,N1,modality,ni-taru,,high,,gapfill,ext,cannot; not worthy; not worth doing ~
ni terashite,ni-terashite,〜に照らして,にてらして,in light of ~; in accordance with (a standard/precedent),,written-modern,none,uncommon,N1,connective,,,high,,gapfill,ext,according to; in view of; in light of ~
ni wa muri ga aru,ni-wa-muri-ga-aru,〜には無理がある,にはむりがある,~ is unreasonable / unrealistic; there's a flaw in ~,,casual-spoken|written-modern,none,uncommon,N1,modality,,,high,,gapfill,ext,difficult to do; is unreasonable / unrealistic / impossible
nimo mashite,nimo-mashite,〜にも増して,にもまして,more than ~; above and beyond ~,,written-modern,none,uncommon,N1,connective,,,high,,gapfill,ext,more than…; above ~
ni~o kasanete,ni-o-kasanete,〜に〜を重ねて,にをかさねて,piling ~ upon ~; through repeated ~ (努力に努力を重ねて),,written-modern|literary,none,rare,N1,connective,,,low,"set frame 〜に〜を重ねて 'X upon X'; reconstructed from gloss, narrow/low-freq",gapfill,ext,"success after continuous (effort, work, adjustments, etc.)"
no yara,no-yara,〜のやら,のやら,I wonder ~ (uncertainty; also 〜ものやら／〜ことやら),,casual-spoken|written-modern,none,uncommon,N1,particle,,,high,,gapfill,ext,I wonder...; unsure; I don't know ~
no yara~no yara,no-yara-no-yara,〜のやら〜のやら,のやらのやら,whether ~ or ~ (I'm not sure which),,casual-spoken|written-modern,none,uncommon,N1,particle,no-yara,,high,,gapfill,ext,or ~ (I don't know)
omoi o suru,omoi-o-suru,〜思いをする,おもいをする,"to have a ~ experience/feeling (嫌な思いをする, 怖い思いをする)",,casual-spoken|polite-spoken|written-modern,none,common,N1,other,,,high,,gapfill,ext,to think; to feel ~
samonaito,samonaito,さもないと,さもないと,otherwise; or else; if not ~,,casual-spoken|written-modern,none,uncommon,N1,connective,,,high,,gapfill,ext,otherwise; or else; if not ~
sobireru,sobireru,〜そびれる,そびれる,to miss the chance to ~; to fail to ~ (when one meant to),,casual-spoken|written-modern,none,uncommon,N1,auxiliary,masu-stem,,high,,gapfill,ext,to miss a chance; to fail to do ~
sokonau,sokonau,〜損なう,そこなう,to fail to ~; to do ~ wrong / nearly ~ (also 〜損ねる／〜損じる),,written-modern,none,uncommon,N1,auxiliary,masu-stem,,high,,gapfill,ext,to do something wrong; by mistake; to fail to ~
sube ga nai,sube-ga-nai,〜術がない,すべがない,there's no way/means to ~,,written-modern|literary,none,uncommon,N1,modality,,,high,,gapfill,ext,there is no way / means; cannot do ~
ta hazumi ni,ta-hazumi-ni,〜た弾みに,たはずみに,"the moment ~; in the act of ~, something unintended happened (also 〜た拍子に)",,casual-spoken|written-modern,none,uncommon,N1,connective,ta-form,,high,,gapfill,ext,"the moment [A], unintentionally caused something to happen"
ta koto ni suru,ta-koto-ni-suru,〜たことにする,たことにする,to pretend that ~ happened; treat ~ as done (also 〜たことになる 'it amounts to ~'),,casual-spoken|written-modern,none,uncommon,N1,modality,ta-form|koto,,med,two patterns: 〜たことにする 'pretend/treat as done' vs 〜たことになる 'it comes to mean'; kept する,gapfill,ext,pretend to; see things as untrue; contrary to the truth ~
ta tsumori wa nai,ta-tsumori-wa-nai,〜たつもりはない,たつもりはない,didn't mean to ~; have no intention of having ~,,casual-spoken|written-modern,none,uncommon,N1,modality,ta-form|tsumori-de,,high,,gapfill,ext,have no intention to / didn't mean to ~
tada~nomi da,tada-nomi-da,ただ〜のみだ,ただのみだ,all one can do is ~; nothing but ~ (formal),,written-modern|literary,none,uncommon,N1,particle,,,high,,gapfill,ext,all we can do is; can do nothing but; only ~
tameshi ga nai,tameshi-ga-nai,〜ためしがない,ためしがない,it has never once happened that ~; ~ is never the case,,casual-spoken|written-modern,none,uncommon,N1,modality,,,high,,gapfill,ext,is never the case; has never happened ~
tara saigo,tara-saigo,〜たら最後,たらさいご,"once you ~, there's no going back (bad result follows; also 〜たが最後)",,casual-spoken|written-modern,none,uncommon,N1,conditional,ta-form,,high,,gapfill,ext,if you do... negative result
tara~tade,tara-tade,〜たら〜たで,たらたで,"even if/when ~ turns out, that brings its own issue",,casual-spoken|written-modern,none,uncommon,N1,connective,ta-form,,med,"paired 〜たら〜たで concessive 'even if it turns out ~, then ~'; colloquial",gapfill,ext,if / in the case... of course / should ~
tara~tokoro da,tara-tokoro-da,〜たら〜ところだ,たらところだ,"if ~ had happened, then ~ would have (counterfactual)",,casual-spoken|written-modern,none,uncommon,N1,conditional,ta-form|tokoro,,high,,gapfill,ext,"if... (counterfactual condition), then would be ~"
tari tomo,tari-tomo,〜たりとも,たりとも,"not even (a single) ~ (with negative, emphatic)",,written-modern|literary,none,rare,N1,particle,,,high,,gapfill,ext,not even; not any ~
te kanawanai,te-kanawanai,〜て敵わない,てかなわない,unbearably ~; can't stand ~ing,,casual-spoken|written-modern,none,uncommon,N1,modality,te-form,,high,,gapfill,ext,can't bear to; unable to; troublesome to; can't stand to ~
te shikaru beki da,te-shikaru-beki-da,〜てしかるべきだ,てしかるべきだ,it's only proper to ~; ~ ought to be done (as a matter of course),,written-modern|literary,none,rare,N1,modality,te-form,,high,,gapfill,ext,should; appropriate; it is natural to do ~
te sumu koto dewa nai,te-sumu-koto-dewa-nai,〜て済むことではない,てすむことではない,~ alone won't settle it; it's not a matter that ends with ~,,written-modern|polite-spoken,none,uncommon,N1,modality,te-form|koto,,high,,gapfill,ext,~ is not enough to solve the problem
temo dou ni mo naranai,temo-dou-ni-mo-naranai,〜てもどうにもならない,てもどうにもならない,"even if ~, nothing can be done about it",,casual-spoken|written-modern,none,uncommon,N1,modality,te-form,,high,,gapfill,ext,it's no use; can't do anything
temo shiranai,temo-shiranai,〜ても知らない,てもしらない,"if you ~, I won't be responsible (warning)",,casual-spoken,none,uncommon,N1,modality,te-form,,med,〜ても知らない warning 'do it and face the consequences'; colloquial,gapfill,ext,if (you) continue... you'll end up / I don't care
to aimatte,to-aimatte,〜と相まって,とあいまって,coupled with ~; combined with ~ (compounding effect),,written-modern|literary,none,uncommon,N1,connective,,,high,,gapfill,ext,"together with..., more; because of the influence of..., more ~"
to ienaku mo nai,to-ienaku-mo-nai,〜と言えなくもない,といえなくもない,one could even say that ~ (guarded affirmation),,written-modern|polite-spoken,none,uncommon,N1,modality,nai-form,,high,,gapfill,ext,one can even say that; it can also be said that ~
ga kikkake de,ga-kikkake-de,〜がきっかけで,がきっかけで,triggered by ~; with ~ as the start (also 〜をきっかけに),,casual-spoken|polite-spoken|written-modern,none,common,N2,connective,,,high,,gapfill,ext,with… as a start; as a result of; taking advantage of ~
ikki ni,ikki-ni,一気に,いっきに,in one go; all at once; without stopping,,casual-spoken|polite-spoken|written-modern,none,common,N2,adverbial,,,high,,gapfill,ext,in one go; without stopping; all at once; immediately
kuse shite,kuse-shite,〜くせして,くせして,"even though ~ (critical/blaming, = くせに)",,casual-spoken,none,common,N2,connective,,,high,,gapfill,ext,although; despite the fact that; even though ~
madashimo,madashimo,まだしも,まだしも,"~ would be one thing (acceptable), but...; rather ~",,casual-spoken|written-modern,none,uncommon,N2,connective,,,high,,gapfill,ext,rather; better
mama ni,mama-ni,〜ままに,ままに,as ~; just as (one is told / as it feels),,written-modern,none,uncommon,N2,connective,,,high,,gapfill,ext,"as, to do as ~"
mo kamawazu,mo-kamawazu,〜もかまわず,もかまわず,without caring about ~; regardless of ~,,written-modern|polite-spoken,none,common,N2,connective,,,high,,gapfill,ext,without caring; without worrying about ~
mo touzen da,mo-touzen-da,〜も当然だ,もとうぜんだ,it's only natural that ~; no wonder ~,,casual-spoken|written-modern,none,common,N2,modality,,,high,,gapfill,ext,it's only natural; no wonder; might as well ~
mou sukoshi de,mou-sukoshi-de,もう少しで,もうすこしで,almost; nearly (came close to ~ing),,casual-spoken|polite-spoken|written-modern,none,common,N2,adverbial,,,high,,gapfill,ext,"almost; nearly, close to ~"
nakute sumu,nakute-sumu,〜なくて済む,なくてすむ,to get by without ~ing,,casual-spoken|written-modern,none,common,N2,modality,nai-form|zu-ni-sumu,,high,,gapfill,ext,get by without doing ~
ni kakawaru,ni-kakawaru,〜に関わる,にかかわる,to affect ~; to be a matter of ~ (命に関わる),,written-modern|polite-spoken,none,common,N2,connective,,,high,,gapfill,ext,to relate to; to have to do with; relating to ~
nimo kakawarazu,nimo-kakawarazu,〜にも関わらず,にもかかわらず,despite ~; nevertheless,,written-modern|polite-spoken,none,common,N2,connective,,,high,,gapfill,ext,despite; in spite of; nevertheless; although ~
to iu mono dewa nai,to-iu-mono-dewa-nai,〜というものではない,というものではない,it's not necessarily that ~; ~ isn't always the case (also 〜というものでもない),,casual-spoken|polite-spoken|written-modern,none,common,N2,modality,to-iu|to-iu-mono-da,,high,,gapfill,ext,there is no guarantee that…; not necessarily ~
wazuka ni,wazuka-ni,わずかに,わずかに,slightly; only; barely,,written-modern|polite-spoken,none,common,N2,adverbial,,,high,,gapfill,ext,slightly; only; barely; narrowly ~
yohodo,yohodo,よほど,よほど,considerably; very (much more than usual; also よっぽど),,casual-spoken|polite-spoken|written-modern,none,common,N2,adverbial,,,high,,gapfill,ext,very; greatly; much; to a large extent
you ka~mai ka,you-ka-mai-ka,〜ようか〜まいか,ようかまいか,whether to ~ or not (deliberating),,written-modern|polite-spoken,none,uncommon,N2,modality,volitional-form,,high,,gapfill,ext,whether or not; considering options
amari ni mo,amari-ni-mo,あまりにも,あまりにも,far too ~; so much that ~ (excessive),,casual-spoken|polite-spoken|written-modern,none,common,N3,adverbial,,,high,,gapfill,ext,too much; so much… that; excessively ~
bakari de,bakari-de,〜ばかりで,ばかりで,only ~ (and nothing else happens / improves),,casual-spoken|polite-spoken|written-modern,none,common,N3,connective,bakari,,high,,gapfill,ext,only; just ~ (negative description)
ba~noni,ba-noni,〜ば〜のに,ばのに,"if only ~ (regret/wish, counterfactual)",,casual-spoken|polite-spoken|written-modern,none,common,N3,conditional,ba-conditional|noni,,high,,gapfill,ext,would have; should have; if only ~
ichido ni,ichido-ni,一度に,いちどに,all at once; at one time,,casual-spoken|polite-spoken|written-modern,none,common,N3,adverbial,,,high,,gapfill,ext,all at once
kakeru,kakeru,〜かける,かける,to be half-way ~ing; to start to ~ (and not finish),,casual-spoken|polite-spoken|written-modern,none,common,N3,aspect,masu-stem,,high,,gapfill,ext,half-; not yet finished; in the middle of~
moshimo~tara,moshimo-tara,もしも〜たら,もしもたら,if (by any chance) ~,,casual-spoken|polite-spoken|written-modern,none,common,N3,conditional,ta-form,,high,,gapfill,ext,if; in the case; supposing ~
naosu,naosu,〜直す,なおす,to re-do; to do ~ over again,,casual-spoken|polite-spoken|written-modern,none,common,N3,auxiliary,masu-stem,,high,,gapfill,ext,to do something again; to do over
nazenara,nazenara,なぜなら,なぜなら,"the reason is; because (sentence-initial, formal; often 〜から)",,polite-spoken|written-modern,none,common,N3,connective,,,high,,gapfill,ext,because; the reason is; if you want to know why
ni nareru,ni-nareru,〜に慣れる,になれる,to get used to ~; to become accustomed to ~,,casual-spoken|polite-spoken|written-modern,none,common,N3,other,,,high,,gapfill,ext,to be used to something
no deshou ka,no-deshou-ka,〜のでしょうか,のでしょうか,"is it (that) ~? (softened, polite question)",,polite-spoken,teineigo,common,N3,modality,darou,,high,,gapfill,ext,ask a question in a polite way
seizei,seizei,せいぜい,せいぜい,at most; at best,,casual-spoken|polite-spoken|written-modern,none,common,N3,adverbial,,,high,,gapfill,ext,at the most; at best; to the utmost
shibaraku,shibaraku,しばらく,しばらく,for a while; for the time being,,casual-spoken|polite-spoken|written-modern,none,common,N3,adverbial,,,high,,gapfill,ext,for a moment; for a while; for the time being
sono tame ni,sono-tame-ni,そのために,そのために,for that reason; in order to do that,,casual-spoken|polite-spoken|written-modern,none,common,N3,connective,,,high,,gapfill,ext,hence; for that reason; because of ~
suuryou + wa,suuryou-wa,〔数量〕は,すうりょうは,は after a quantity: at least (that much),,written-modern|polite-spoken,none,uncommon,N3,particle,,,med,structural label '数量+は': topic は on a quantity expressing 'at least'; reconstructed from gloss,gapfill,ext,at least ~
ta totan,ta-totan,〜たとたん,たとたん,the instant ~; just as ~ (and then suddenly; also 〜たとたんに),,casual-spoken|polite-spoken|written-modern,none,common,N3,connective,ta-form,,high,,gapfill,ext,as soon as; just as ~
tatoeba,tatoeba,例えば,たとえば,for example; for instance,,casual-spoken|polite-spoken|written-modern,none,common,N3,connective,,,high,,gapfill,ext,for example; for instance ~
te bakari iru,te-bakari-iru,〜てばかりいる,てばかりいる,to do nothing but ~; to always be ~ing (critical),,casual-spoken|polite-spoken|written-modern,none,common,N3,aspect,te-form|te-iru,,high,,gapfill,ext,only; nothing but ~
te sumu,te-sumu,〜て済む,てすむ,can settle/manage by just ~ing; ~ is enough,,casual-spoken|polite-spoken|written-modern,none,common,N3,modality,te-form,,high,,gapfill,ext,sufficient by; no problem to; resolve by ~
te wa ikenai kara,te-wa-ikenai-kara,〜てはいけないから,てはいけないから,because you must not ~ (so...); in order to avoid ~,,casual-spoken|polite-spoken|written-modern,none,common,N3,connective,te-form,,med,"composite てはいけない + から 'because mustn't, so...'; could fold into a てはいけない node",gapfill,ext,in order to not~; to prevent a negative situation
teiru baai janai,teiru-baai-janai,〜ている場合じゃない,ているばあいじゃない,this is no time to be ~ing,,casual-spoken,none,common,N3,modality,te-iru,,high,,gapfill,ext,this is no time to be doing ~
teki,teki,〜的,てき,-ic / -al: turns a noun into a na-adjective or adverbial (科学的),,casual-spoken|polite-spoken|written-modern,none,common,N3,auxiliary,,,high,,gapfill,ext,change noun into na-adjective or adverb
temo hajimaranai,temo-hajimaranai,〜ても始まらない,てもはじまらない,it's no use ~ing; there's no point in ~,,casual-spoken|written-modern,none,common,N3,modality,te-form,,high,,gapfill,ext,even if you... it's no use; there is no point to ~
to iu koto da,to-iu-koto-da,〜ということだ,ということだ,it means that ~; I hear that ~ (conclusion or hearsay; also 〜とのことだ),,casual-spoken|polite-spoken|written-modern,none,common,N3,quotation,to-iu|to-iu-koto,,high,,gapfill,ext,I heard; it means that; in other words ~
to mieru,to-mieru,〜とみえる,とみえる,it seems that ~ (judging from evidence; also 〜とみえて),,written-modern|polite-spoken,none,common,N3,modality,,,high,,gapfill,ext,it seems that ~
toosu,toosu,〜通す,とおす,to do ~ all the way through; to keep ~ing to the end,,casual-spoken|polite-spoken|written-modern,none,common,N3,auxiliary,masu-stem,,high,,gapfill,ext,to do until the end; to continually do; through ~
tsumori datta,tsumori-datta,〜つもりだった,つもりだった,had intended to ~ (but didn't); thought I had ~,,casual-spoken|polite-spoken|written-modern,none,common,N3,modality,tsumori-de,,high,,gapfill,ext,I thought I~; was planning to~; was intending to ~
baai wa,baai-wa,〜場合は,ばあいは,in the case of ~; when ~,,casual-spoken|polite-spoken|written-modern,none,common,N4,connective,,,high,,gapfill,ext,in the event of; in the case that ~
dewa nai ka,dewa-nai-ka,〜ではないか,ではないか,"isn't it ~?; right? (formal/written, = じゃないか)",,polite-spoken|written-modern,none,common,N4,modality,janai-ka,,med,"formal/written variant of じゃないか (janai-ka); dup-suspect with janai-ka, kept for register",gapfill,ext,right?; isn't it?
ga hitsuyou,ga-hitsuyou,〜が必要,がひつよう,~ is necessary; to need ~,,casual-spoken|polite-spoken|written-modern,none,common,N4,modality,,,high,,gapfill,ext,need; necessary
hitsuyou ga aru,hitsuyou-ga-aru,〜必要がある,ひつようがある,there is a need to ~; must ~,,casual-spoken|polite-spoken|written-modern,none,common,N4,modality,ga-hitsuyou,,high,,gapfill,ext,need to; it is necessary to
itashimasu,itashimasu,いたします,いたします,to do (humble form of する),,polite-spoken,kenjougo,common,N4,honorific,,,high,,gapfill,ext,to do (polite form of する)
kara tsukuru,kara-tsukuru,〜から作る,からつくる,made from ~ (raw material whose form changes; cf. でできる),,casual-spoken|polite-spoken|written-modern,none,common,N4,particle,,,med,"から marking raw material 'made from'; narrow pattern, partly lexical",gapfill,ext,made from; made with
ku suru,ku-suru,〜くする,くする,to make (something) ~ (adverbial form of an i-adjective + する),,casual-spoken|polite-spoken|written-modern,none,common,N4,auxiliary,,,high,,gapfill,ext,to make something ~
ni ki ga tsuku,ni-ki-ga-tsuku,〜に気がつく,にきがつく,to notice ~; to realize ~,,casual-spoken|polite-spoken|written-modern,none,common,N4,other,,,high,,gapfill,ext,to notice; to realize
ni mieru,ni-mieru,〜に見える,にみえる,to look ~; to appear ~ (に + 見える),,casual-spoken|polite-spoken|written-modern,none,common,N4,modality,,,high,,gapfill,ext,to look; to seem; to appear
no naka de,no-naka-de,〜の中で,のなかで,among ~; within ~ (often a superlative frame),,casual-spoken|polite-spoken|written-modern,none,common,N4,particle,,,high,,gapfill,ext,in; among ~
sakki,sakki,さっき,さっき,a little while ago; just now,,casual-spoken,none,common,N4,adverbial,,,high,,gapfill,ext,some time ago; just now
sasete kudasai,sasete-kudasai,〜させてください,させてください,please let me ~ (causative request),,casual-spoken|polite-spoken,none,common,N4,auxiliary,causative-form|te-form,,high,,gapfill,ext,please let me do
ta tokoro,ta-tokoro,〜たところ,たところ,just (finished) ~ing; had just ~,,casual-spoken|polite-spoken|written-modern,none,common,N4,aspect,ta-form|tokoro,,high,,gapfill,ext,"just finished doing, was just doing"
tara ii desu ka,tara-ii-desu-ka,〜たらいいですか,たらいいですか,what should I ~?; how should I ~? (seeking instruction),,polite-spoken,teineigo,common,N4,modality,ta-form|to-ii,,high,,gapfill,ext,what should I do?; speaker seeking instructions
teiru tokoro,teiru-tokoro,〜ているところ,ているところ,in the middle of ~ing (right now),,casual-spoken|polite-spoken|written-modern,none,common,N4,aspect,te-iru|tokoro,,high,,gapfill,ext,in the process of doing
to ittemo ii,to-ittemo-ii,〜と言ってもいい,といってもいい,you could say that ~; one might say ~,,casual-spoken|polite-spoken|written-modern,none,common,N4,modality,to-iu|te-mo-ii,,high,,gapfill,ext,you could say; one might say; I'd say ~
to iwarete iru,to-iwarete-iru,〜と言われている,といわれている,it is said that ~,,written-modern|polite-spoken,none,common,N4,modality,to-iu|te-iru,,high,,gapfill,ext,it is said that ~
to kiita,to-kiita,〜と聞いた,ときいた,I heard that ~,,casual-spoken|polite-spoken|written-modern,none,common,N4,quotation,to-quotative,,high,,gapfill,ext,I heard...
to omou,to-omou,〜と思う,とおもう,to think that ~; I think ~,,casual-spoken|polite-spoken|written-modern,none,essential,N4,quotation,to-quotative,,high,,gapfill,ext,to think…; I think…; you think…
yotei da,yotei-da,〜予定だ,よていだ,to plan to ~; to be scheduled to ~,,casual-spoken|polite-spoken|written-modern,none,common,N4,modality,,,high,,gapfill,ext,"plan to, intend to"
cha ikenai,cha-ikenai,〜ちゃいけない,ちゃいけない,must not ~ (colloquial 〜てはいけない; also 〜じゃいけない),,casual-spoken,none,common,N5,modality,te-form,,high,,gapfill,ext,must not do (spoken Japanese)
doushite,doushite,どうして,どうして,why; for what reason; how,,casual-spoken|polite-spoken|written-modern,none,common,N5,adverbial,,,high,,gapfill,ext,why; for what reason; how
douyatte,douyatte,どうやって,どうやって,how; in what way; by what means,,casual-spoken|polite-spoken|written-modern,none,common,N5,adverbial,,,high,,gapfill,ext,how; in what way; by what means
ga arimasu,ga-arimasu,〜があります,があります,there is ~; to exist (for inanimate things),,casual-spoken|polite-spoken|written-modern,none,essential,N5,other,ga-iru,,high,,gapfill,ext,there is; is (non-living things)
issho ni,issho-ni,一緒に,いっしょに,together (with),,casual-spoken|polite-spoken|written-modern,none,essential,N5,adverbial,,,high,,gapfill,ext,together
ni iku,ni-iku,〜に行く,にいく,to go (in order) to ~ (purpose of motion),,casual-spoken|polite-spoken|written-modern,none,essential,N5,connective,masu-stem,,high,,gapfill,ext,go to do ~
no ga heta,no-ga-heta,〜のが下手,のがへた,to be bad at ~ing,,casual-spoken|polite-spoken|written-modern,none,common,N5,nominalizer,,,high,,gapfill,ext,to be bad at doing something
no ga jouzu,no-ga-jouzu,〜のが上手,のがじょうず,to be good at ~ing,,casual-spoken|polite-spoken|written-modern,none,common,N5,nominalizer,no-ga-heta,,high,,gapfill,ext,to be good at
no ga suki,no-ga-suki,〜のが好き,のがすき,to like ~ing,,casual-spoken|polite-spoken|written-modern,none,essential,N5,nominalizer,,,high,,gapfill,ext,to like doing something
nara madashimo,nara-madashimo,〜ならまだしも,ならまだしも,"if it were ~ that would be one thing, but (this is worse)",,casual-spoken|written-modern,none,uncommon,N1,connective,madashimo,,high,,gapfill,ext,
o ii koto ni,o-ii-koto-ni,〜をいいことに,をいいことに,taking advantage of ~; exploiting ~ (to do something improper),,casual-spoken|written-modern,none,uncommon,N1,connective,,,high,,gapfill,ext,
ru made da,ru-made-da,〜るまでだ,るまでだ,will simply ~ (if it comes to that); that's all there is to it,,casual-spoken|written-modern,none,uncommon,N1,modality,,,high,,gapfill,ext,
o yoginaku sareru,o-yoginaku-sareru,〜を余儀なくされる,をよぎなくされる,to be forced to ~; have no choice but to ~ (against one's will),,written-modern,none,uncommon,N1,modality,,,high,,gapfill,ext,
o kawakiri ni,o-kawakiri-ni,〜を皮切りに,をかわきりに,starting with ~; with ~ as the first of a series,,written-modern,none,uncommon,N1,connective,,,high,,gapfill,ext,
you ga~mai ga,you-ga-mai-ga,〜ようが〜まいが,ようがまいが,whether or not ~; regardless of whether one does ~,,written-modern|polite-spoken,none,uncommon,N1,connective,volitional-form,,high,,gapfill,ext,
o motte,o-motte,〜をもって,をもって,by means of ~; with ~; as of (a time) (formal; also 〜を以て),,written-modern|literary,none,uncommon,N1,connective,,,high,,gapfill,ext,
ta made da,ta-made-da,〜たまでだ,たまでだ,merely ~ed (and nothing more); just happened to ~,,casual-spoken|written-modern,none,uncommon,N1,modality,ta-form,,high,,gapfill,ext,
o hete,o-hete,〜を経て,をへて,via ~; passing through ~; after (a process),,written-modern,none,uncommon,N1,connective,,,high,,gapfill,ext,
ni shite mireba,ni-shite-mireba,〜にしてみれば,にしてみれば,from ~'s point of view; as far as ~ is concerned,,casual-spoken|written-modern,none,uncommon,N1,connective,ni-shitara,,high,,gapfill,ext,
nara~de,nara-de,〜なら〜で,ならで,"if it's ~ then (that's fine in its own way, but)",,casual-spoken|written-modern,none,uncommon,N1,connective,,,med,paired 〜なら〜で 'if ~ then ~ (resigned acceptance)'; colloquial,gapfill,ext,
mono to omou,mono-to-omou,〜ものと思う,ものとおもう,to assume/firmly believe that ~,,written-modern|polite-spoken,none,uncommon,N1,modality,mono,,high,,gapfill,ext,
o fumaete,o-fumaete,〜を踏まえて,をふまえて,based on ~; taking ~ into account,,written-modern,none,common,N1,connective,,,high,,gapfill,ext,
dou nimo,dou-nimo,どうにも,どうにも,(with negative) just can't; in no way; utterly,,casual-spoken|written-modern,none,uncommon,N1,adverbial,,,high,,gapfill,ext,
koto dashi,koto-dashi,〜ことだし,ことだし,since ~ (and also...); given that ~ (one reason among several),,casual-spoken|polite-spoken|written-modern,none,uncommon,N1,connective,koto,,high,,gapfill,ext,
nimo~nai,nimo-nai,〜（よう）にも〜ない,にもない,cannot ~ even if one wants to (no means to),,casual-spoken|written-modern,none,uncommon,N1,modality,volitional-form|nai-form,,med,〜（よう）にも〜ない 'cannot ~ even if one tries'; reconstructed from form,gapfill,ext,
mono to omotte ita,mono-to-omotte-ita,〜ものと思っていた,ものとおもっていた,had assumed that ~ (but it turned out otherwise),,casual-spoken|written-modern,none,uncommon,N1,modality,mono-to-omou,,high,,gapfill,ext,
ori niwa,ori-niwa,〜折には,おりには,"on the occasion of ~; when (formal, polite)",,polite-spoken|written-modern,none,uncommon,N1,connective,,,high,,gapfill,ext,
o kanete,o-kanete,〜を兼ねて,をかねて,serving also as ~; combining ~ (two purposes at once),,written-modern|polite-spoken,none,uncommon,N1,connective,,,high,,gapfill,ext,
to iwazu,to-iwazu,〜といわず,といわず,not to mention ~; ~ and everything (〜といわず〜といわず: both ~ and ~ alike),,written-modern|literary,none,rare,N1,connective,,,med,"〜といわず, base of the paired 〜といわず〜といわず 'both ~ and ~ without distinction'",gapfill,ext,
shidai desu,shidai-desu,〜次第です,しだいです,such is the situation that ~; that is how it came to be (formal explanation),,polite-spoken|written-modern,none,uncommon,N1,modality,,,med,"次第 polysemous; here 〜次第です explanatory 'that is the situation', not 'as soon as'",gapfill,ext,
to iu tokoro,to-iu-tokoro,〜というところ(だ),というところ,about ~; at most ~; roughly (というところだ),,casual-spoken|written-modern,none,uncommon,N1,modality,to-iu|tokoro,,high,,gapfill,ext,
ichi~tari tomo~nai,ichi-tari-tomo-nai,一〜たりとも〜ない,いちたりとも,"not even a single ~ (一人たりとも, 一日たりとも)",,written-modern|literary,none,rare,N1,particle,tari-tomo,,high,,gapfill,ext,
ni hajinai,ni-hajinai,〜に恥じない,にはじない,worthy of ~; not to be ashamed before ~ (名に恥じない),,written-modern|literary,none,rare,N1,modality,,,high,,gapfill,ext,
zu jimai,zu-jimai,〜ずじまい,ずじまい,ended up not ~ing (and now regret it / lost the chance),,casual-spoken|written-modern,none,uncommon,N1,modality,nai-form,,high,,gapfill,ext,
zukume,zukume,〜ずくめ,ずくめ,"all ~; nothing but ~ (黒ずくめ, いいことずくめ)",,casual-spoken|written-modern,none,uncommon,N1,particle,,,high,,gapfill,ext,
towa iu mono no,towa-iu-mono-no,〜とは言うものの,とはいうものの,having said that ~; nonetheless,,written-modern|polite-spoken,none,common,N1,connective,,,high,,gapfill,ext,
you ni yotte wa,you-ni-yotte-wa,〜ようによっては,ようによっては,depending on how (one looks at / does) ~,,casual-spoken|written-modern,none,uncommon,N1,connective,you,,high,,gapfill,ext,
zu niwa sumanai,zu-niwa-sumanai,〜ずにはすまない,ずにはすまない,can't get away without ~ing; must ~ (社会的obligation),,written-modern,none,uncommon,N1,modality,nai-form,,high,,gapfill,ext,
sore made da,sore-made-da,それまでだ,それまでだ,that's the end of it; nothing more can be done,,casual-spoken|written-modern,none,uncommon,N1,modality,,,high,,gapfill,ext,
to iou ka,to-iou-ka,〜といおうか,といおうか,or should I say ~; what one might call ~,,casual-spoken|written-modern,none,uncommon,N1,connective,,,high,,gapfill,ext,
o yoginaku saseru,o-yoginaku-saseru,〜を余儀なくさせる,をよぎなくさせる,to compel / force (someone or a situation) to ~,,written-modern,none,uncommon,N1,modality,o-yoginaku-sareru,,high,,gapfill,ext,
towa kurabemono ni naranai,towa-kurabemono-ni-naranai,〜とは比べものにならない,とはくらべものにならない,cannot be compared with ~; ~ is in a different league,,casual-spoken|written-modern,none,uncommon,N1,modality,,,high,,gapfill,ext,
o zentei ni,o-zentei-ni,〜を前提に,をぜんていに,on the premise of ~; assuming ~ as a precondition,,written-modern,none,common,N1,connective,,,high,,gapfill,ext,
o ki ni,o-ki-ni,〜を機に,をきに,taking ~ as an opportunity; on the occasion of ~,,written-modern,none,uncommon,N1,connective,,,high,,gapfill,ext,
tomo arou,tomo-arou,〜ともあろう,ともあろう,someone as prominent/responsible as ~ (shouldn't do that),,written-modern|literary,none,rare,N1,modality,,,high,,gapfill,ext,
man ga ichi,man-ga-ichi,万が一,まんがいち,in the unlikely event that ~; just in case,,casual-spoken|polite-spoken|written-modern,none,common,N2,adverbial,,,high,,gapfill,ext,
o~ni makaseru,o-ni-makaseru,〜を〜に任せる,をにまかせる,to leave ~ to ~; entrust ~ to ~,,casual-spoken|polite-spoken|written-modern,none,common,N2,other,,,high,,gapfill,ext,
ikasu,ikasu,〜を活かす,いかす,to make the most of ~; put ~ to good use,,casual-spoken|polite-spoken|written-modern,none,common,N2,other,,,med,lexical verb 活かす 'make use of'; kept as the 〜を活かす pattern,gapfill,ext,
ta sue,ta-sue,〜た末・〜の末,たすえ,after (much) ~; as the final outcome of ~,,written-modern,none,common,N2,connective,ta-form,,high,,gapfill,ext,
ga ki ni naru,ga-ki-ni-naru,〜が気になる,がきになる,to be worried/curious about ~; ~ bothers one,,casual-spoken|polite-spoken|written-modern,none,common,N2,other,,,high,,gapfill,ext,
ni ki o tsukeru,ni-ki-o-tsukeru,〜に気をつける,にきをつける,to be careful about ~; pay attention to ~,,casual-spoken|polite-spoken|written-modern,none,common,N2,other,,,high,,gapfill,ext,
te koso,te-koso,〜てこそ,てこそ,only by ~ing; it is precisely when you ~ that...,,written-modern|polite-spoken,none,common,N2,connective,te-form,,high,,gapfill,ext,
yori shikata ga nai,yori-shikata-ga-nai,〜よりしかたがない,よりしかたがない,have no choice but to ~ (= 〜よりほかない),,casual-spoken|written-modern,none,uncommon,N2,modality,,,high,,gapfill,ext,
naku wa nai,naku-wa-nai,〜なくはない,なくはない,it's not that ~ isn't so; do ~ to some degree (= なくもない),,casual-spoken|polite-spoken|written-modern,none,common,N2,modality,nai-form,,high,,gapfill,ext,
tamae,tamae,〜たまえ,たまえ,"do ~ (mild commanding tone, by a superior male to an inferior)",,casual-spoken,none,uncommon,N2,auxiliary,masu-stem,,high,,gapfill,ext,
no uchi de,no-uchi-de,〜のうち(で),のうちで,within ~; among ~; while ~ (still the case),,casual-spoken|polite-spoken|written-modern,none,common,N2,particle,,,high,,gapfill,ext,
o keiki ni,o-keiki-ni,〜を契機に,をけいきに,taking ~ as a turning point; prompted by ~,,written-modern,none,uncommon,N2,connective,o-ki-ni,,high,,gapfill,ext,
gake ni,gake-ni,〜がけに,がけに,on the way (while doing); 帰りがけに 'on the way back',,casual-spoken|written-modern,none,uncommon,N2,connective,,,high,,gapfill,ext,
te ite wa,te-ite-wa,〜ていては,ていては,if one keeps ~ing (then a bad result follows),,casual-spoken|written-modern,none,common,N2,connective,te-form|te-iru,,high,,gapfill,ext,
mo mata,mo-mata,も又,もまた,also; likewise; ~ too (formal),,written-modern|polite-spoken,none,common,N2,particle,,,high,,gapfill,ext,
kikkake,kikkake,きっかけ,きっかけ,a trigger / opportunity; the thing that starts something (used as 〜がきっかけで／〜をきっかけに),,casual-spoken|polite-spoken|written-modern,none,common,N2,other,ga-kikkake-de,ga-kikkake-de,med,noun きっかけ 'trigger'; grammatical use is 〜がきっかけで／をきっかけに,gapfill,ext,
imada ni,imada-ni,未だに,いまだに,still (even now); not yet (after all this time),,written-modern|polite-spoken,none,common,N2,adverbial,,,high,,gapfill,ext,
itsu no ma ni ka,itsu-no-ma-ni-ka,いつの間にか,いつのまにか,before one knows it; without noticing,,casual-spoken|polite-spoken|written-modern,none,common,N2,adverbial,,,high,,gapfill,ext,
nuku,nuku,〜抜く,ぬく,to do ~ all the way through (despite hardship); やり抜く 'carry through',,casual-spoken|polite-spoken|written-modern,none,common,N2,auxiliary,masu-stem,,high,,gapfill,ext,
nuki de,nuki-de,〜抜きで,ぬきで,without ~; leaving out ~ (朝食抜きで),,casual-spoken|polite-spoken|written-modern,none,common,N2,particle,,,high,,gapfill,ext,
sore ni shitemo,sore-ni-shitemo,それにしても,それにしても,"even so; nevertheless; (still,) that said",,casual-spoken|polite-spoken|written-modern,none,common,N2,connective,,,high,,gapfill,ext,
omou you ni,omou-you-ni,思うように,おもうように,as one wishes; the way one wants (often + neg: not as hoped),,casual-spoken|polite-spoken|written-modern,none,common,N2,adverbial,,,high,,gapfill,ext,
to iu ten kara kangaeru to,to-iu-ten-kara-kangaeru-to,〜という点から考えると,というてんからかんがえると,thinking from the standpoint that ~; in terms of the point that ~,,written-modern|polite-spoken,none,uncommon,N2,connective,to-iu,,high,,gapfill,ext,
to iu fuu ni,to-iu-fuu-ni,〜という風に,というふうに,in the manner of ~; in such a way that ~,,casual-spoken|polite-spoken|written-modern,none,common,N2,connective,to-iu,,high,,gapfill,ext,
sou ieba,sou-ieba,そういえば,そういえば,now that you mention it; come to think of it,,casual-spoken|polite-spoken|written-modern,none,common,N2,connective,,,high,,gapfill,ext,
o~negau,o-negau,お〜願う,おねがう,to (humbly) request that you ~ (ご記入願います),,polite-spoken|written-modern,kenjougo,uncommon,N2,auxiliary,,,high,,gapfill,ext,
ka no you da,ka-no-you-da,〜かのようだ,かのようだ,as if ~; as though ~ (it weren't actually so),,casual-spoken|polite-spoken|written-modern,none,common,N2,modality,youda,,high,,gapfill,ext,
no dewa nai darou ka,no-dewa-nai-darou-ka,〜のではないだろうか,のではないだろうか,isn't it (perhaps) that ~?; I think maybe ~,,polite-spoken|written-modern,none,common,N2,modality,darou,,high,,gapfill,ext,
no mo touzen da,no-mo-touzen-da,〜のも当然だ,のもとうぜんだ,it's only natural that ~; no wonder ~,,casual-spoken|written-modern,none,common,N2,modality,mo-touzen-da,,high,,gapfill,ext,
osoraku,osoraku,おそらく,おそらく,probably; most likely (often with 〜だろう),,polite-spoken|written-modern,none,common,N2,adverbial,,,high,,gapfill,ext,
mono desu kara,mono-desu-kara,〜ものですから,ものですから,because ~ (polite explanation/excuse; also 〜もので),,polite-spoken|casual-spoken,none,common,N2,connective,mono-dakara,,high,,gapfill,ext,
te shou ga nai,te-shou-ga-nai,〜てしょうがない,てしょうがない,"can't help (feeling) ~; extremely ~ (colloquial, = てしかたがない)",,casual-spoken,none,common,N2,modality,te-form|te-shikata-ga-nai,,high,,gapfill,ext,
saiwai,saiwai,幸い,さいわい,fortunately; luckily (幸いなことに),,polite-spoken|written-modern,none,common,N2,adverbial,,,high,,gapfill,ext,
tachimachi,tachimachi,たちまち,たちまち,in an instant; immediately; suddenly,,casual-spoken|polite-spoken|written-modern,none,common,N2,adverbial,,,high,,gapfill,ext,
nani kara nani made,nani-kara-nani-made,何から何まで,なにからなにまで,everything; from A to Z,,casual-spoken|polite-spoken|written-modern,none,common,N2,adverbial,,,high,,gapfill,ext,
nani yori,nani-yori,何より,なにより,more than anything; best of all,,casual-spoken|polite-spoken|written-modern,none,common,N2,adverbial,,,high,,gapfill,ext,
nan to ittemo,nan-to-ittemo,何といっても,なんといっても,above all; no matter what anyone says,,casual-spoken|polite-spoken|written-modern,none,common,N2,adverbial,,,high,,gapfill,ext,
sore nanoni,sore-nanoni,それなのに,それなのに,and yet; in spite of that,,casual-spoken|polite-spoken|written-modern,none,common,N2,connective,noni,,high,,gapfill,ext,
roku ni~nai,roku-ni-nai,ろくに〜ない,ろくに,not properly ~; hardly ~ (ろくに食べない),,casual-spoken,none,common,N2,adverbial,,,high,,gapfill,ext,
te demo,te-demo,〜てでも,てでも,even by (resorting to) ~ing (to achieve a goal at any cost),,casual-spoken|written-modern,none,uncommon,N2,connective,te-form,,high,,gapfill,ext,
to iu wake dewa nai,to-iu-wake-dewa-nai,〜というわけではない,というわけではない,it's not that ~; doesn't necessarily mean ~,,casual-spoken|polite-spoken|written-modern,none,common,N2,modality,to-iu,,high,,gapfill,ext,
no aida ni,no-aida-ni,〜の間に,のあいだに,while ~; during ~ (something happens within that span),,casual-spoken|polite-spoken|written-modern,none,common,N3,connective,,,high,,gapfill,ext,
nai uchi ni,nai-uchi-ni,〜ないうちに,ないうちに,before ~ (happens); while ~ is not yet the case,,casual-spoken|polite-spoken|written-modern,none,common,N3,connective,nai-form,,high,,gapfill,ext,
sou suru to,sou-suru-to,そうすると,そうすると,if that's the case; then (as a consequence),,casual-spoken|polite-spoken|written-modern,none,common,N3,connective,,,high,,gapfill,ext,
koto nano,koto-nano,〜ことなのだ,ことなのだ,"the fact is that ~ (explanatory, softening)",,casual-spoken,none,uncommon,N3,modality,koto,,low,fragment 'ことなの'; reconstructed as explanatory 〜ことなのだ — candidate to fold,gapfill,ext,
wa~de yuumei,wa-de-yuumei,〜は〜で有名,はでゆうめい,~ is famous for ~,,casual-spoken|polite-spoken|written-modern,none,common,N3,other,,,high,,gapfill,ext,
to ittemo,to-ittemo,〜と言っても,といっても,even though I say ~; although ~ (it's less than expected),,casual-spoken|polite-spoken|written-modern,none,common,N3,connective,to-iu,,high,,gapfill,ext,
ni awasete,ni-awasete,〜に合わせて,にあわせて,in accordance with ~; to match ~ (also 〜に合った),,casual-spoken|polite-spoken|written-modern,none,common,N3,connective,,,high,,gapfill,ext,
no sugata,no-sugata,〜(の)姿,のすがた,the figure/form of ~; in the appearance or state of ~,,casual-spoken|written-modern,none,uncommon,N3,other,,,med,noun 姿 'figure'; grammatical use marks appearance/state of ~,gapfill,ext,
to ieru,to-ieru,〜と言える,といえる,one can say that ~; it can be said that ~,,casual-spoken|polite-spoken|written-modern,none,common,N3,modality,to-iu,,high,,gapfill,ext,
chanto,chanto,ちゃんと,ちゃんと,properly; neatly; without fail (also きちんと),,casual-spoken|polite-spoken|written-modern,none,common,N3,adverbial,,,high,,gapfill,ext,
sono kekka,sono-kekka,その結果,そのけっか,as a result (of that),,casual-spoken|polite-spoken|written-modern,none,common,N3,connective,,,high,,gapfill,ext,
ikura~demo,ikura-demo,いくら〜でも,いくらでも,no matter how much ~; however much ~,,casual-spoken|polite-spoken|written-modern,none,common,N3,connective,te-form,,high,,gapfill,ext,
ka wa~ni yotte chigau,ka-wa-ni-yotte-chigau,〜かは〜によって違う,かはによってちがう,whether ~ varies depending on ~,,written-modern|polite-spoken,none,uncommon,N3,connective,,,med,composite frame '〜かは〜によって違う' 'whether ~ depends on ~'; reconstructed,gapfill,ext,
kankei ga aru,kankei-ga-aru,〜と関係がある,かんけいがある,to be related to ~; have a connection with ~,,casual-spoken|polite-spoken|written-modern,none,common,N3,other,,,high,,gapfill,ext,
wa~kurai desu,wa-kurai-desu,〜は〜くらいです,はくらいです,~ is about (the extent of) ~,,polite-spoken,none,uncommon,N3,particle,,,med,frame 〜は〜くらいです 'about / to the extent of'; reconstructed,gapfill,ext,
temo~nakutemo,temo-nakutemo,〜ても〜なくても,てもなくても,whether or not ~; ~ or not,,casual-spoken|polite-spoken|written-modern,none,common,N3,connective,te-form|nai-form,,high,,gapfill,ext,
to iu no wa jijitsu da,to-iu-no-wa-jijitsu-da,〜というのは事実だ,というのはじじつだ,it is a fact that ~,,written-modern|polite-spoken,none,uncommon,N3,modality,to-iu,,high,,gapfill,ext,
marude~you da,marude-you-da,まるで〜ようだ,まるでようだ,just like ~; as if ~ (vivid comparison),,casual-spoken|polite-spoken|written-modern,none,common,N3,modality,youda,,high,,gapfill,ext,
you na ki ga suru,you-na-ki-ga-suru,〜ような気がする,ようなきがする,to have a feeling that ~; it seems like ~,,casual-spoken|polite-spoken|written-modern,none,common,N3,modality,youda,,high,,gapfill,ext,
dewa nakute,dewa-nakute,〜ではなくて,ではなくて,not ~ (but rather); it's not ~ and... (also 〜じゃなくて),,casual-spoken|polite-spoken|written-modern,none,common,N3,connective,,,high,,gapfill,ext,
dake shika,dake-shika,〜だけしか,だけしか,"only ~; nothing but ~ (emphatic, with negative)",,casual-spoken|polite-spoken|written-modern,none,common,N3,particle,dake,,high,,gapfill,ext,
wa iu made mo nai,wa-iu-made-mo-nai,〜は言うまでもない,はいうまでもない,it goes without saying that ~; needless to say,,written-modern|polite-spoken,none,common,N3,connective,,,high,source marks ① (first sense),gapfill,ext,
you to shinai,you-to-shinai,〜ようとしない,ようとしない,won't even try to ~; refuses to ~,,casual-spoken|polite-spoken|written-modern,none,common,N3,modality,volitional-form,,high,,gapfill,ext,
de iu to,de-iu-to,〜で言うと,でいうと,speaking in terms of ~; in ~ (terms),,casual-spoken|polite-spoken|written-modern,none,common,N3,connective,kara-iu-to,,high,,gapfill,ext,
to onaji de,to-onaji-de,〜と同じで,とおなじで,the same as ~; like ~ (also 〜と違って 'unlike ~'),,casual-spoken|polite-spoken|written-modern,none,common,N3,connective,,,high,,gapfill,ext,
ni ataru,ni-ataru,〜に当たる,にあたる,to correspond to ~; to fall on (a date); to be equivalent to ~,,casual-spoken|polite-spoken|written-modern,none,common,N3,connective,,,med,polysemous 当たる; here 〜に当たる 'correspond to / fall on',gapfill,ext,
mata~mo,mata-mo,又〜も,またも,again; once more (またも〜 'yet again'),,casual-spoken|written-modern,none,uncommon,N3,adverbial,,,med,"frame 又〜も 'again, also'; reconstructed",gapfill,ext,
tadachi ni,tadachi-ni,直ちに,ただちに,immediately; at once,,written-modern|polite-spoken,none,common,N3,adverbial,,,high,,gapfill,ext,
kangaerarenai,kangaerarenai,考えられない,かんがえられない,unthinkable; unimaginable; can't believe that ~,,casual-spoken|polite-spoken|written-modern,none,common,N3,modality,,,high,,gapfill,ext,
agaru~ageru,agaru-ageru,〜上がる・〜上げる,あがる,"to finish ~ing completely (出来上がる, 書き上げる)",,casual-spoken|polite-spoken|written-modern,none,common,N3,auxiliary,masu-stem,,high,,gapfill,ext,
dekireba,dekireba,できれば,できれば,if possible; preferably (also できたら),,casual-spoken|polite-spoken|written-modern,none,common,N3,conditional,,,high,,gapfill,ext,
de yokereba,de-yokereba,〜でよければ,でよければ,if ~ is OK (with you); if ~ will do,,casual-spoken|polite-spoken|written-modern,none,common,N3,conditional,ba-conditional,,high,,gapfill,ext,
de mo aru,de-mo-aru,〜でもある,でもある,is also ~; happens to be ~ as well,,casual-spoken|polite-spoken|written-modern,none,common,N3,copula,,,high,,gapfill,ext,
moshimo~nara,moshimo-nara,もしも〜なら,もしもなら,if (by any chance) ~ (also もしも〜でも),,casual-spoken|polite-spoken|written-modern,none,common,N3,conditional,nara,,high,,gapfill,ext,
zensha wa~kousha wa,zensha-wa,前者は・後者は,ぜんしゃは,the former ~ (and) the latter ~,,written-modern|polite-spoken,none,uncommon,N3,connective,,,high,,gapfill,ext,
to iu riyuu de,to-iu-riyuu-de,〜という理由で,というりゆうで,for the reason that ~; on the grounds that ~,,written-modern|polite-spoken,none,common,N3,connective,to-iu,,high,,gapfill,ext,
wa~to natte iru,wa-to-natte-iru,〜は〜となっている,はとなっている,~ has become ~; ~ is set/established as ~ (formal state),,written-modern|polite-spoken,none,common,N3,aspect,te-iru,,high,,gapfill,ext,
sayuu suru,sayuu-suru,〜を左右する,さゆうする,to influence / determine ~ (sway the outcome),,casual-spoken|polite-spoken|written-modern,none,common,N3,other,,,med,lexical verb 左右する 'sway/determine'; kept as 〜を左右する pattern,gapfill,ext,
dandan,dandan,だんだん,だんだん,gradually; little by little,,casual-spoken|polite-spoken|written-modern,none,common,N4,adverbial,,,high,,gapfill,ext,
dondon,dondon,どんどん,どんどん,rapidly; steadily; more and more,,casual-spoken|polite-spoken|written-modern,none,common,N4,adverbial,,,high,,gapfill,ext,
jidoushi tadoushi,jidoushi-tadoushi,自動詞・他動詞,じどうしたどうし,intransitive vs transitive verb pairs (a grammar distinction),,casual-spoken|polite-spoken|written-modern,none,common,N4,other,,,low,"grammar concept label (transitive/intransitive), not a single pattern",gapfill,ext,
ru tokoro da,ru-tokoro-da,〜るところだ,るところだ,about to ~ (just before doing it),,casual-spoken|polite-spoken|written-modern,none,common,N4,aspect,tokoro,,high,,gapfill,ext,
mitai,mitai,〜みたい,みたい,like ~; seems like ~ (colloquial resemblance / conjecture),,casual-spoken|polite-spoken,none,common,N4,modality,mitai-ni,,high,,gapfill,ext,
sou iu,sou-iu,そういう,そういう,that kind of ~; such ~,,casual-spoken|polite-spoken|written-modern,none,common,N4,other,,,high,,gapfill,ext,
mai~no you ni,mai-no-you-ni,,,(unclear) a 〜のように likeness frame,,casual-spoken|written-modern,none,rare,N4,modality,,,low,garbled source 'まい〜のように'; could not reconstruct confidently — candidate to drop,gapfill,ext,
hotondo,hotondo,ほとんど,ほとんど,almost; mostly; (with negative) hardly,,casual-spoken|polite-spoken|written-modern,none,common,N4,adverbial,,,high,,gapfill,ext,
igai,igai,〜以外,いがい,other than ~; except ~,,casual-spoken|polite-spoken|written-modern,none,common,N4,particle,,,high,,gapfill,ext,
zutto,zutto,ずっと,ずっと,(for) a long time; the whole time; continuously,,casual-spoken|polite-spoken|written-modern,none,common,N4,adverbial,,,high,"source marks ① (duration/continuous sense, vs ② 'by far' comparison)",gapfill,ext,
ma prefix,ma-prefix,真っ〜,まっ,"completely; pure ~ (intensifying prefix: 真っ赤, 真っ白, 真ん中)",,casual-spoken|polite-spoken|written-modern,none,common,N4,auxiliary,,,high,,gapfill,ext,
wa~no hitotsu da,wa-no-hitotsu-da,〜は〜の一つだ,はのひとつだ,~ is one of the ~,,casual-spoken|polite-spoken|written-modern,none,common,N4,copula,,,high,,gapfill,ext,
nai~wa nai,nai-wa-nai,〜ない〜はない,ないはない,there is no ~ that doesn't ~ (double negative: every ~ does),,written-modern|polite-spoken,none,uncommon,N4,modality,nai-form,,med,double-negative frame 〜ない〜はない 'there's none that doesn't'; reconstructed,gapfill,ext,
sukunakunai,sukunakunai,少なくない,すくなくない,not few; quite a lot of ~,,casual-spoken|polite-spoken|written-modern,none,common,N4,other,,,high,,gapfill,ext,
you ni~te hoshii,you-ni-te-hoshii,〜ように〜てほしい,ようにてほしい,to want (someone) to ~ (so that ~),,casual-spoken|polite-spoken|written-modern,none,common,N4,modality,hoshii,,med,frame 〜ように〜てほしい combining purpose ように + request てほしい,gapfill,ext,
te iru aida ni,te-iru-aida-ni,〜ているあいだに,ているあいだに,while ~ing (something else happens in that span),,casual-spoken|polite-spoken|written-modern,none,common,N4,connective,te-iru|no-aida-ni,,high,,gapfill,ext,
te kurete arigatou,te-kurete-arigatou,〜てくれてありがとう,てくれてありがとう,thank you for ~ing,,casual-spoken|polite-spoken,none,common,N4,connective,te-form,,high,,gapfill,ext,
te kurenai,te-kurenai,〜てくれない,てくれない,won't you ~? / can I get you to ~? (request; also 〜てもらえない),,casual-spoken|polite-spoken,none,common,N4,auxiliary,te-form,,high,,gapfill,ext,
no darou ka,no-darou-ka,〜のだろうか,のだろうか,I wonder if ~; is it (really) that ~? (musing),,casual-spoken|written-modern,none,common,N4,modality,darou,,high,,gapfill,ext,
itasu,itasu,いたす,いたす,"to do (humble form of する, plain/dictionary form)",,polite-spoken|written-modern,kenjougo,common,N4,honorific,itashimasu,,high,,gapfill,ext,
hoka ni mo,hoka-ni-mo,ほかに(も),ほかにも,besides; in addition; other than that (also ほか(に)は),,casual-spoken|polite-spoken|written-modern,none,common,N4,adverbial,,,high,,gapfill,ext,
ndakedo,ndakedo,〜んだけど,んだけど,"~ but...; ~, so... (softening preface; also 〜んですが)",,casual-spoken|polite-spoken,none,common,N4,connective,,,high,,gapfill,ext,
shi~shi,shi-shi,〜し〜し,しし,"~ and ~ (listing reasons or qualities, non-exhaustive)",,casual-spoken|polite-spoken|written-modern,none,common,N4,connective,,,high,,gapfill,ext,
de dekiru,de-dekiru,〜でできる,でできる,made of ~ (material); also 〜からできる 'made from ~',,casual-spoken|polite-spoken|written-modern,none,common,N4,particle,kara-tsukuru,,high,,gapfill,ext,
to~to dochira ga,to-to-dochira-ga,〜と〜と、どちらが,とと、どちらが,"between ~ and ~, which is more ~? (comparison question)",,casual-spoken|polite-spoken|written-modern,none,common,N4,particle,,,high,,gapfill,ext,
you ni inoru,you-ni-inoru,〜ように祈る,ようにいのる,to pray / hope that ~,,casual-spoken|polite-spoken|written-modern,none,common,N4,connective,,,high,,gapfill,ext,
ka suru,ka-suru,〜化する,かする,"to turn into ~; to -ize (国際化する, 悪化する)",,casual-spoken|polite-spoken|written-modern,none,common,N4,auxiliary,,,high,,gapfill,ext,
ga mirareru,ga-mirareru,〜が見られる,がみられる,~ can be seen / observed; ~ is found,,written-modern|polite-spoken,none,common,N4,modality,,,high,,gapfill,ext,
to kangaerarete iru,to-kangaerarete-iru,〜と考えられている,とかんがえられている,it is thought / considered that ~,,written-modern|polite-spoken,none,common,N4,modality,to-kangaerareru,,high,,gapfill,ext,
to sarete iru,to-sarete-iru,〜とされている,とされている,it is said / regarded as ~; is taken to be ~,,written-modern|polite-spoken,none,common,N4,modality,to-iu,,high,,gapfill,ext,
ga aru,ga-aru,〜がある,がある,"there is ~; to have ~ (for inanimate things, plain form)",,casual-spoken|polite-spoken|written-modern,none,essential,N5,other,ga-arimasu,,high,,gapfill,ext,
he iku,he-iku,〜へ行く,へいく,to go to ~ (direction of movement),,casual-spoken|polite-spoken|written-modern,none,essential,N5,particle,,,high,,gapfill,ext,
janakatta,janakatta,〜じゃなかった,じゃなかった,was not ~ (casual past negative copula),,casual-spoken,none,essential,N5,copula,janai,,high,,gapfill,ext,
ni naru~ku naru,ni-naru,〜になる・〜くなる,になる,to become ~ (noun/na-adj になる; i-adj くなる),,casual-spoken|polite-spoken|written-modern,none,essential,N5,other,,,high,,gapfill,ext,
no naka de~ga ichiban,no-naka-de-ga-ichiban,〜の中で〜が一番,のなかでがいちばん,"among ~, ~ is the most ~ (superlative)",,casual-spoken|polite-spoken|written-modern,none,common,N5,particle,no-naka-de,,high,,gapfill,ext,
yori~no hou ga,yori-no-hou-ga,〜より〜のほうが,よりのほうが,~ is more ~ than ~ (comparison),,casual-spoken|polite-spoken|written-modern,none,essential,N5,particle,yori,,high,,gapfill,ext,
nani ka~nani mo,nani-ka-nani-mo,なにか・なにも,なにかなにも,something / anything; (with negative) nothing,,casual-spoken|polite-spoken|written-modern,none,common,N5,particle,,,high,,gapfill,ext,
dareka dokoka daremo dokomo,dareka-dokoka,誰か・どこか・誰も・どこも,だれかどこか,someone/somewhere; (with negative) no one/nowhere,,casual-spoken|polite-spoken|written-modern,none,common,N5,particle,,,high,,gapfill,ext,
ta hou ga ii,ta-hou-ga-ii,〜たほうがいい,たほうがいい,had better ~; it's better to ~ (advice),,casual-spoken|polite-spoken|written-modern,none,essential,N5,modality,ta-form,,high,,gapfill,ext,
nai hou ga ii,nai-hou-ga-ii,〜ないほうがいい,ないほうがいい,had better not ~; it's better not to ~,,casual-spoken|polite-spoken|written-modern,none,essential,N5,modality,nai-form,,high,,gapfill,ext,
Vta,ta-form,た形,たけい,"the plain past (た) form of verbs and adjectives; the base for たら, たり, and clauses like 〜たことがある",,casual-spoken|polite-spoken|written-modern,none,essential,N5,form,te-form,,high,foundation form (non-catalog anchor *ta-form now realized as a node),,I,
Vnai,nai-form,ない形,ないけい,"the plain negative (ない) form of verbs; the base for なかった, なくて, ないで and many negative patterns",,casual-spoken|polite-spoken|written-modern,none,essential,N5,form,,,high,foundation form (non-catalog anchor *nai-form now realized as a node),,I,
Vba,ba-conditional,ば形,ばけい,"the provisional conditional (〜ば) form: 'if/when ~', built from the e-row stem plus ば",,casual-spoken|polite-spoken|written-modern,none,essential,N4,form,,,high,foundation form (non-catalog anchor *ba-conditional now realized as a node),,I,
Vyou,volitional-form,意向形,いこうけい,the volitional (〜よう/おう) form: 'let's ~ / I'll ~ / shall we ~'; the base for ようとする and ようとおもう,,casual-spoken|polite-spoken|written-modern,none,essential,N4,form,,,high,foundation form (non-catalog anchor *volitional-form now realized as a node),,I,
Vsaseru,causative-form,使役形,しえきけい,the causative (〜せる/させる) form: 'make/let someone do'; the base for the causative-passive and for 〜させてください,,casual-spoken|polite-spoken|written-modern,none,common,N4,form,nai-form,,high,foundation form (non-catalog anchor *causative-form now realized as a node),,I,
counter,counter,助数詞,じょすうし,"counter suffixes attached to numerals to count things, people, and occurrences (〜個, 〜人, 〜回, 〜枚)",,casual-spoken|polite-spoken|written-modern,none,essential,N5,form,,,high,foundation form (non-catalog anchor *counter now realized as a node),,I,
